bg_geoid,county,workers,jobs_in_bg,walk_30,transit_30,transit_30_min,transit_30_max,ratio_30,walk_45,transit_45,transit_45_min,transit_45_max,ratio_45
270030501071,Anoka,997,709,709,709.0,709,709,1.0,1166,1166.0,1166,1166,1.0
270030501072,Anoka,846,19,19,19.0,19,19,1.0,728,728.0,728,728,1.0
270030501081,Anoka,1537,261,261,261.0,261,261,1.0,261,261.0,261,261,1.0
270030501082,Anoka,774,148,148,148.0,148,148,1.0,148,148.0,148,148,1.0
270030501083,Anoka,854,457,718,718.0,718,718,1.0,1427,1427.0,1427,1427,1.0
270030501091,Anoka,999,136,136,136.0,136,136,1.0,284,284.0,284,284,1.0
270030501092,Anoka,703,48,48,48.0,48,48,1.0,48,48.0,48,48,1.0
270030501093,Anoka,643,287,287,287.0,287,287,1.0,287,287.0,287,287,1.0
270030501094,Anoka,652,68,68,68.0,68,68,1.0,68,68.0,68,68,1.0
270030501101,Anoka,813,269,269,269.0,269,269,1.0,269,269.0,269,269,1.0
270030501102,Anoka,858,371,371,371.0,371,371,1.0,371,371.0,371,371,1.0
270030501111,Anoka,812,79,79,79.0,79,79,1.0,79,79.0,79,79,1.0
270030501112,Anoka,838,99,99,99.0,99,99,1.0,99,99.0,99,99,1.0
270030501113,Anoka,288,75,75,75.0,75,75,1.0,75,75.0,75,75,1.0
270030501141,Anoka,933,88,88,88.0,88,88,1.0,88,88.0,88,88,1.0
270030501142,Anoka,851,112,112,112.0,112,112,1.0,112,112.0,112,112,1.0
270030501151,Anoka,665,132,132,132.0,132,132,1.0,132,132.0,132,132,1.0
270030501152,Anoka,997,60,60,60.0,60,60,1.0,60,60.0,60,60,1.0
270030501153,Anoka,551,231,231,231.0,231,231,1.0,231,231.0,231,231,1.0
270030501154,Anoka,806,222,222,222.0,222,222,1.0,222,222.0,222,222,1.0
270030501161,Anoka,792,503,503,503.0,503,503,1.0,503,503.0,503,503,1.0
270030501162,Anoka,638,181,181,181.0,181,181,1.0,181,181.0,181,181,1.0
270030501163,Anoka,975,230,230,230.0,230,230,1.0,230,230.0,230,230,1.0
270030502081,Anoka,677,134,1588,1588.0,1588,1588,1.0,4337,5323.0,4337,8933,1.23
270030502082,Anoka,4,1213,2472,2472.0,2472,2472,1.0,3046,3046.0,3046,3046,1.0
270030502083,Anoka,461,30,30,30.0,30,30,1.0,2377,2377.0,2377,2377,1.0
270030502084,Anoka,701,189,1502,1502.0,1502,1502,1.0,2903,2903.0,2903,2903,1.0
270030502101,Anoka,758,84,84,84.0,84,84,1.0,84,84.0,84,84,1.0
270030502102,Anoka,413,149,149,149.0,149,149,1.0,149,149.0,149,149,1.0
270030502103,Anoka,580,1391,1391,1391.0,1391,1391,1.0,1391,1391.0,1391,1391,1.0
270030502104,Anoka,451,92,92,92.0,92,92,1.0,92,92.0,92,92,1.0
270030502151,Anoka,985,613,613,613.0,613,613,1.0,613,613.0,613,613,1.0
270030502152,Anoka,595,1025,1025,1025.0,1025,1025,1.0,1046,1046.0,1046,1046,1.0
270030502153,Anoka,564,317,317,317.0,317,317,1.0,317,317.0,317,317,1.0
270030502161,Anoka,1005,155,155,155.0,155,155,1.0,155,155.0,155,155,1.0
270030502162,Anoka,360,63,63,63.0,63,63,1.0,63,63.0,63,63,1.0
270030502163,Anoka,628,142,142,142.0,142,142,1.0,183,183.0,183,183,1.0
270030502164,Anoka,579,30,30,30.0,30,30,1.0,30,30.0,30,30,1.0
270030502165,Anoka,659,41,41,41.0,41,41,1.0,183,183.0,183,183,1.0
270030502171,Anoka,1347,296,296,296.0,296,296,1.0,296,296.0,296,296,1.0
270030502172,Anoka,672,215,215,215.0,215,215,1.0,259,259.0,259,259,1.0
270030502181,Anoka,786,44,44,44.0,44,44,1.0,351,351.0,351,351,1.0
270030502182,Anoka,519,92,92,92.0,92,92,1.0,136,136.0,136,136,1.0
270030502183,Anoka,486,34,34,34.0,34,34,1.0,34,34.0,34,34,1.0
270030502191,Anoka,693,37,37,37.0,37,37,1.0,37,37.0,37,37,1.0
270030502192,Anoka,948,47,271,271.0,271,271,1.0,2814,2814.0,2814,2814,1.0
270030502201,Anoka,1239,307,475,475.0,475,475,1.0,1505,1505.0,1505,1505,1.0
270030502202,Anoka,820,777,911,911.0,911,911,1.0,1743,1743.0,1743,1743,1.0
270030502203,Anoka,652,230,230,230.0,230,230,1.0,3583,3583.0,3583,3583,1.0
270030502204,Anoka,969,989,2621,2621.0,2621,2621,1.0,2760,2760.0,2760,2760,1.0
270030502221,Anoka,806,28,203,203.0,203,203,1.0,2785,2785.0,2785,2785,1.0
270030502222,Anoka,635,60,2405,2405.0,2405,2405,1.0,2594,2594.0,2594,2594,1.0
270030502223,Anoka,824,115,229,229.0,229,229,1.0,229,229.0,229,229,1.0
270030502224,Anoka,1127,26,26,26.0,26,26,1.0,141,141.0,141,141,1.0
270030502231,Anoka,478,48,48,48.0,48,48,1.0,110,110.0,110,110,1.0
270030502232,Anoka,708,92,92,92.0,92,92,1.0,282,282.0,282,282,1.0
270030502233,Anoka,746,190,190,190.0,190,190,1.0,190,190.0,190,190,1.0
270030502241,Anoka,793,62,62,62.0,62,62,1.0,62,62.0,62,62,1.0
270030502242,Anoka,1482,58,58,58.0,58,58,1.0,58,58.0,58,58,1.0
270030502261,Anoka,813,217,437,437.0,437,437,1.0,840,840.0,840,840,1.0
270030502262,Anoka,1042,203,220,220.0,220,220,1.0,960,960.0,960,960,1.0
270030502271,Anoka,780,1672,4045,4045.0,4045,4045,1.0,4224,4224.0,4224,4224,1.0
270030502272,Anoka,564,116,133,133.0,133,133,1.0,2926,2926.0,2926,2926,1.0
270030502273,Anoka,415,162,1881,1881.0,1881,1881,1.0,2084,2084.0,2084,2084,1.0
270030502274,Anoka,923,17,179,179.0,179,179,1.0,2417,2417.0,2417,2417,1.0
270030502281,Anoka,1418,1175,1175,1175.0,1175,1175,1.0,3957,3975.0,3957,4316,1.0
270030502282,Anoka,505,35,35,35.0,35,35,1.0,314,314.0,314,314,1.0
270030502283,Anoka,570,2373,2373,2373.0,2373,2373,1.0,5629,5629.0,5629,5629,1.0
270030502284,Anoka,412,0,0,0.0,0,0,0.0,1175,1175.0,1175,1175,1.0
270030502285,Anoka,703,409,409,409.0,409,409,1.0,3957,3957.0,3957,3957,1.0
270030502291,Anoka,397,162,1393,1393.0,1393,1393,1.0,2704,2704.0,2704,2704,1.0
270030502292,Anoka,102,417,1325,1325.0,1325,1325,1.0,1990,1990.0,1990,1990,1.0
270030502293,Anoka,694,61,61,61.0,61,61,1.0,61,61.0,61,61,1.0
270030502294,Anoka,535,775,2248,2248.0,2248,2248,1.0,2765,2765.0,2765,2765,1.0
270030502295,Anoka,627,908,1325,1325.0,1325,1325,1.0,1386,1386.0,1386,1386,1.0
270030502301,Anoka,1484,110,110,110.0,110,110,1.0,798,798.0,798,798,1.0
270030502302,Anoka,818,688,1149,1149.0,1149,1149,1.0,1149,1149.0,1149,1149,1.0
270030502321,Anoka,1079,338,462,462.0,462,462,1.0,603,603.0,603,603,1.0
270030502322,Anoka,631,123,123,123.0,123,123,1.0,585,585.0,585,585,1.0
270030502323,Anoka,537,124,462,462.0,462,462,1.0,585,585.0,585,585,1.0
270030502331,Anoka,643,314,314,314.0,314,314,1.0,1078,1078.0,1078,1078,1.0
270030502332,Anoka,312,160,160,160.0,160,160,1.0,1078,1078.0,1078,1078,1.0
270030502333,Anoka,808,604,918,918.0,918,918,1.0,1495,1495.0,1495,1495,1.0
270030502341,Anoka,622,384,384,384.0,384,384,1.0,384,384.0,384,384,1.0
270030502342,Anoka,608,93,131,131.0,131,131,1.0,131,131.0,131,131,1.0
270030502343,Anoka,694,38,131,131.0,131,131,1.0,131,131.0,131,131,1.0
270030502351,Anoka,486,201,201,201.0,201,201,1.0,201,201.0,201,201,1.0
270030502352,Anoka,1095,1156,1156,1156.0,1156,1156,1.0,1156,1156.0,1156,1156,1.0
270030502361,Anoka,726,34,266,266.0,266,266,1.0,389,389.0,389,389,1.0
270030502362,Anoka,1020,102,136,136.0,136,136,1.0,158,158.0,158,158,1.0
270030502363,Anoka,617,53,53,53.0,53,53,1.0,71,71.0,71,71,1.0
270030502371,Anoka,934,232,253,253.0,253,253,1.0,320,320.0,320,320,1.0
270030502372,Anoka,910,456,618,618.0,618,618,1.0,618,618.0,618,618,1.0
270030502373,Anoka,449,18,71,71.0,71,71,1.0,71,71.0,71,71,1.0
270030502374,Anoka,636,22,22,22.0,22,22,1.0,22,22.0,22,22,1.0
270030502381,Anoka,454,168,1155,1155.0,1155,1155,1.0,2582,2582.0,2582,2582,1.0
270030502382,Anoka,1497,378,378,378.0,378,378,1.0,564,564.0,564,564,1.0
270030502383,Anoka,604,466,844,844.0,844,844,1.0,1505,1505.0,1505,1505,1.0
270030502391,Anoka,1054,186,1226,1226.0,1226,1226,1.0,1533,1533.0,1533,1533,1.0
270030502392,Anoka,602,30,30,30.0,30,30,1.0,408,408.0,408,408,1.0
270030502401,Anoka,1378,62,62,62.0,62,62,1.0,439,439.0,439,439,1.0
270030502402,Anoka,602,125,328,328.0,328,328,1.0,607,607.0,607,607,1.0
270030502411,Anoka,1164,288,288,288.0,288,288,1.0,350,350.0,350,350,1.0
270030502412,Anoka,480,258,258,258.0,258,258,1.0,258,258.0,258,258,1.0
270030504011,Anoka,910,2642,3509,4325.0,3509,12092,1.23,7746,9911.0,7746,18229,1.28
270030504013,Anoka,799,236,3040,3040.0,3040,3040,1.0,5057,5373.0,5057,8597,1.06
270030504021,Anoka,284,315,5104,5858.0,5104,10984,1.15,5247,9060.0,5247,17509,1.73
270030504022,Anoka,334,203,4899,5596.0,4899,10293,1.14,9419,12953.0,9419,23373,1.38
270030504023,Anoka,775,348,664,951.0,664,5250,1.43,4005,6443.0,4005,17629,1.61
270030504024,Anoka,342,1,1564,2067.0,1564,6077,1.32,5247,6851.0,5247,15545,1.31
270030505011,Anoka,331,185,8565,9860.0,8565,15097,1.15,13137,16268.0,13137,23323,1.24
270030505012,Anoka,594,697,4771,6645.0,4771,17189,1.39,13111,16689.0,13111,24755,1.27
270030505013,Anoka,484,3540,8419,10036.0,8419,17984,1.19,10579,16076.0,10579,27991,1.52
270030505041,Anoka,650,146,5115,7164.0,5115,12956,1.4,13399,16285.0,13399,24349,1.22
270030505042,Anoka,775,3435,11474,11574.0,11474,12116,1.01,16166,16876.0,16166,19016,1.04
270030505051,Anoka,729,301,2767,2767.0,2767,2767,1.0,5767,6936.0,5767,10207,1.2
270030505052,Anoka,484,224,2215,2510.0,2215,5755,1.13,6608,8729.0,6608,12475,1.32
270030505053,Anoka,1111,1331,2215,2392.0,2215,5755,1.08,7006,8791.0,7006,11446,1.25
270030505054,Anoka,685,359,5941,8355.0,5941,11418,1.41,12666,15654.0,12812,22894,1.24
270030506021,Anoka,667,559,1502,2671.0,1502,11033,1.78,4843,9020.0,4843,23927,1.86
270030506022,Anoka,778,557,1722,2637.0,1722,6872,1.53,4843,8717.0,4843,22898,1.8
270030506051,Anoka,761,3373,4808,5608.0,4808,11431,1.17,5517,9197.0,5517,23136,1.67
270030506052,Anoka,674,16,977,1150.0,977,2876,1.18,1747,5281.0,1747,11778,3.02
270030506053,Anoka,718,277,1245,1988.0,1245,10549,1.6,2827,7320.0,2827,22841,2.59
270030506054,Anoka,819,302,1534,2471.0,1534,11343,1.61,1586,6936.0,1586,23135,4.37
270030506061,Anoka,680,227,918,1649.0,918,7922,1.8,1977,7135.0,1977,14369,3.61
270030506062,Anoka,451,416,927,1110.0,927,3103,1.2,1413,5328.0,1413,11796,3.77
270030506071,Anoka,457,50,1570,3160.0,1570,11467,2.01,3072,10261.0,3072,24638,3.34
270030506072,Anoka,701,36,2049,2100.0,2049,4541,1.02,5171,7808.0,5171,19794,1.51
270030506073,Anoka,412,184,849,1989.0,849,11379,2.34,3772,8893.0,3772,24637,2.36
270030506074,Anoka,663,268,891,1780.0,891,10824,2.0,1463,6799.0,1463,22859,4.65
270030506081,Anoka,459,7,1986,2787.0,1986,7310,1.4,3027,10161.0,3027,21870,3.36
270030506082,Anoka,850,16,433,1427.0,433,5757,3.3,4083,7754.0,4083,20664,1.9
270030506083,Anoka,430,408,1075,2699.0,1075,9012,2.51,4362,11248.0,4362,26724,2.58
270030506084,Anoka,903,386,3621,4199.0,3621,5768,1.16,4535,7886.0,4535,18733,1.74
270030506091,Anoka,761,816,3029,4684.0,3029,9159,1.55,6745,11322.0,6745,19827,1.68
270030506092,Anoka,561,376,1185,1185.0,1185,1185,1.0,4458,4678.0,4458,9173,1.05
270030506093,Anoka,19,1402,4837,4837.0,4837,4837,1.0,12129,12136.0,12129,12275,1.0
270030506094,Anoka,893,1771,1797,2509.0,1797,11059,1.4,5800,9371.0,5800,23466,1.62
270030506111,Anoka,790,642,4980,6195.0,4980,11441,1.24,8640,13146.0,8640,26308,1.52
270030506112,Anoka,1144,721,1073,2447.0,1073,11619,2.28,5197,10245.0,5197,29346,1.97
270030506121,Anoka,655,26,4113,4314.0,4113,6589,1.05,11773,13761.0,11773,23207,1.17
270030506122,Anoka,954,72,4444,4633.0,4444,8681,1.04,15289,15798.0,15289,18268,1.03
270030507021,Anoka,470,267,817,817.0,817,817,1.0,1512,1658.0,1512,2966,1.1
270030507022,Anoka,398,43,742,742.0,742,742,1.0,1624,1624.0,1624,1626,1.0
270030507023,Anoka,867,21,651,651.0,651,651,1.0,2823,2823.0,2823,2825,1.0
270030507042,Anoka,924,104,534,557.0,534,1194,1.04,3632,4403.0,3632,7991,1.21
270030507043,Anoka,630,91,1154,1367.0,1154,3167,1.18,2600,4288.0,2600,9626,1.65
270030507044,Anoka,510,2,946,2017.0,946,6678,2.13,3182,8471.0,3182,20604,2.66
270030507045,Anoka,606,275,860,1072.0,860,2871,1.25,2459,4157.0,2459,9625,1.69
270030507061,Anoka,552,146,1063,1405.0,1063,4854,1.32,2916,9046.0,2916,33887,3.1
270030507062,Anoka,394,102,1677,2093.0,1677,7056,1.25,2566,6571.0,2566,19285,2.56
270030507063,Anoka,332,206,7330,8303.0,7330,16156,1.13,9544,18015.0,9544,41133,1.89
270030507064,Anoka,415,146,780,1468.0,780,8028,1.88,3648,11622.0,3648,36937,3.19
270030507071,Anoka,660,43,211,211.0,211,211,1.0,2498,2498.0,2498,2498,1.0
270030507072,Anoka,1174,79,141,141.0,141,141,1.0,1829,1829.0,1829,1829,1.0
270030507073,Anoka,791,49,113,113.0,113,113,1.0,2433,2433.0,2433,2433,1.0
270030507074,Anoka,687,21,1545,1545.0,1545,1545,1.0,3652,3652.0,3652,3652,1.0
270030507091,Anoka,724,645,810,812.0,810,846,1.0,1083,1973.0,1083,6320,1.82
270030507092,Anoka,681,165,201,1472.0,201,13225,7.32,6174,16486.0,6174,40241,2.67
270030507101,Anoka,304,642,946,1720.0,946,6678,1.82,3013,7426.0,3013,20289,2.46
270030507102,Anoka,571,279,609,654.0,609,2064,1.07,4655,8150.0,4655,14788,1.75
270030507103,Anoka,21,5242,7068,7197.0,7068,8865,1.02,7413,14801.0,7413,27771,2.0
270030507104,Anoka,544,1455,3719,6538.0,3719,13333,1.76,9542,18527.0,9542,115956,1.94
270030507105,Anoka,514,101,2062,2518.0,2062,7304,1.22,10087,11986.0,10087,22249,1.19
270030507111,Anoka,378,160,720,720.0,720,720,1.0,756,756.0,756,756,1.0
270030507112,Anoka,721,32,68,68.0,68,68,1.0,1378,1378.0,1378,1378,1.0
270030507113,Anoka,678,36,407,407.0,407,407,1.0,1156,1156.0,1156,1156,1.0
270030507114,Anoka,993,140,635,635.0,635,635,1.0,3047,3047.0,3047,3047,1.0
270030507121,Anoka,796,809,885,885.0,885,885,1.0,1404,1404.0,1404,1404,1.0
270030507122,Anoka,450,76,604,604.0,604,604,1.0,3970,4066.0,3970,5741,1.02
270030507123,Anoka,398,19,744,744.0,744,744,1.0,4059,4122.0,4059,5830,1.02
270030507124,Anoka,760,387,2297,2297.0,2297,2297,1.0,4010,4232.0,4010,5781,1.06
270030508071,Anoka,473,8,124,124.0,124,124,1.0,2222,2222.0,2222,2222,1.0
270030508072,Anoka,711,4,638,638.0,638,638,1.0,1632,1940.0,1632,3652,1.19
270030508073,Anoka,520,25,900,917.0,900,1395,1.02,2223,3007.0,2223,8348,1.35
270030508074,Anoka,701,178,413,413.0,413,413,1.0,3858,3858.0,3858,3860,1.0
270030508081,Anoka,362,44,936,953.0,936,1431,1.02,2728,3494.0,2728,8751,1.28
270030508082,Anoka,851,199,1202,1492.0,1202,4993,1.24,2304,5415.0,2304,17928,2.35
270030508101,Anoka,472,44,992,992.0,992,992,1.0,3376,3499.0,3376,4789,1.04
270030508102,Anoka,817,343,606,606.0,606,606,1.0,3090,3099.0,3090,3220,1.0
270030508103,Anoka,745,37,1283,1313.0,1283,1630,1.02,3786,4489.0,3786,10124,1.19
270030508104,Anoka,464,24,1236,1238.0,1236,1382,1.0,1741,2012.0,1741,4233,1.16
270030508111,Anoka,917,244,2271,2417.0,2271,3808,1.06,9853,13948.0,9853,29046,1.42
270030508112,Anoka,736,1797,2041,2463.0,2041,10090,1.21,3511,8576.0,3511,34494,2.44
270030508161,Anoka,1131,2907,2907,2907.0,2907,2907,1.0,2907,2950.0,2907,4121,1.01
270030508162,Anoka,1769,1801,1801,1801.0,1801,1801,1.0,1862,1862.0,1862,1862,1.0
270030508163,Anoka,1124,1311,2147,2147.0,2147,2147,1.0,2688,2688.0,2688,2688,1.0
270030508181,Anoka,764,378,544,544.0,544,544,1.0,1158,1158.0,1158,1158,1.0
270030508182,Anoka,759,52,618,618.0,618,618,1.0,810,810.0,810,810,1.0
270030508183,Anoka,1214,62,167,167.0,167,167,1.0,333,333.0,333,333,1.0
270030508184,Anoka,1504,99,477,477.0,477,477,1.0,835,835.0,835,835,1.0
270030508191,Anoka,1390,266,266,266.0,266,266,1.0,266,266.0,266,266,1.0
270030508192,Anoka,575,68,544,544.0,544,544,1.0,869,869.0,869,869,1.0
270030508193,Anoka,498,105,234,234.0,234,234,1.0,711,711.0,711,711,1.0
270030508194,Anoka,405,15,188,188.0,188,188,1.0,302,302.0,302,302,1.0
270030508201,Anoka,666,31,477,477.0,477,477,1.0,2605,2605.0,2605,2605,1.0
270030508202,Anoka,505,130,2250,2250.0,2250,2250,1.0,3220,3220.0,3220,3220,1.0
270030508203,Anoka,674,487,1428,1428.0,1428,1428,1.0,3373,3373.0,3373,3373,1.0
270030508211,Anoka,822,54,1881,1881.0,1881,1881,1.0,4623,4623.0,4623,4623,1.0
270030508212,Anoka,763,220,220,220.0,220,220,1.0,1931,1931.0,1931,1931,1.0
270030508213,Anoka,504,259,1786,1786.0,1786,1786,1.0,3616,3616.0,3616,3616,1.0
270030508215,Anoka,575,268,3264,3264.0,3264,3264,1.0,4103,4103.0,4103,4103,1.0
270030508221,Anoka,628,190,920,920.0,920,920,1.0,3207,3207.0,3207,3207,1.0
270030508222,Anoka,963,244,547,547.0,547,547,1.0,1566,1566.0,1566,1566,1.0
270030508231,Anoka,782,21,852,852.0,852,852,1.0,1482,1482.0,1482,1482,1.0
270030508232,Anoka,983,303,1826,1826.0,1826,1826,1.0,2289,2289.0,2289,2289,1.0
270030508233,Anoka,440,528,1105,1105.0,1105,1105,1.0,2321,2321.0,2321,2321,1.0
270030508241,Anoka,803,116,1296,1296.0,1296,1296,1.0,2351,2351.0,2351,2351,1.0
270030508242,Anoka,718,243,3004,3004.0,3004,3004,1.0,3331,3331.0,3331,3331,1.0
270030508243,Anoka,724,1170,1559,1559.0,1559,1559,1.0,3392,3392.0,3392,3392,1.0
270030508251,Anoka,1306,133,295,295.0,295,295,1.0,2539,2539.0,2539,2539,1.0
270030508252,Anoka,437,10,1429,1429.0,1429,1429,1.0,3366,3366.0,3366,3366,1.0
270030508261,Anoka,801,195,296,296.0,296,296,1.0,1291,1291.0,1291,1291,1.0
270030508262,Anoka,405,75,253,253.0,253,253,1.0,3302,3302.0,3302,3302,1.0
270030508263,Anoka,706,57,450,450.0,450,450,1.0,2051,2079.0,2051,2711,1.01
270030508271,Anoka,785,96,809,809.0,809,809,1.0,2060,2149.0,2060,3128,1.04
270030508272,Anoka,678,349,1139,1233.0,1139,2406,1.08,2051,4091.0,2051,16366,1.99
270030508281,Anoka,596,797,4162,4162.0,4162,4162,1.0,5017,5017.0,5017,5017,1.0
270030508282,Anoka,1085,244,1832,1832.0,1832,1832,1.0,4808,4808.0,4808,4808,1.0
270030508291,Anoka,883,67,661,661.0,661,661,1.0,6123,6123.0,6123,6123,1.0
270030508292,Anoka,705,594,6123,6123.0,6123,6123,1.0,6123,6406.0,6123,9012,1.05
270030508293,Anoka,123,3642,4303,4303.0,4303,4303,1.0,9765,9765.0,9765,9765,1.0
270030508294,Anoka,463,1886,2016,2706.0,2016,4057,1.34,4346,8966.0,4346,25795,2.06
270030509011,Anoka,554,456,2096,2096.0,2096,2096,1.0,4917,4917.0,4917,4917,1.0
270030509012,Anoka,770,335,1299,1299.0,1299,1299,1.0,2272,2272.0,2272,2272,1.0
270030509021,Anoka,767,264,720,720.0,720,720,1.0,2028,2028.0,2028,2028,1.0
270030509022,Anoka,841,115,1487,1487.0,1487,1487,1.0,3317,3317.0,3317,3317,1.0
270030509023,Anoka,1029,61,1751,1751.0,1751,1751,1.0,3317,3317.0,3317,3317,1.0
270030510011,Anoka,807,2113,2679,3684.0,2679,7899,1.38,8912,12456.0,8912,27375,1.4
270030510012,Anoka,580,538,3148,3680.0,3148,7730,1.17,7540,13297.0,7540,30851,1.76
270030510021,Anoka,944,28,7652,13202.0,7652,29444,1.73,10570,32417.0,15790,160568,3.07
270030510022,Anoka,1041,315,2678,4715.0,2678,10832,1.76,12012,25122.0,12299,41980,2.09
270030511011,Anoka,789,4741,7018,8597.0,7018,13549,1.23,7845,25084.0,8079,44686,3.2
270030511012,Anoka,609,71,71,3339.0,71,17933,47.03,7009,39215.0,7009,183547,5.59
270030511013,Anoka,668,86,4863,5345.0,4863,11078,1.1,6975,16917.0,6975,52768,2.43
270030511014,Anoka,711,36,5028,6370.0,5028,16746,1.27,6904,28462.0,6904,182019,4.12
270030511021,Anoka,335,7330,7952,7952.0,7952,7952,1.0,14045,17875.0,14045,27582,1.27
270030511022,Anoka,625,51,622,974.0,622,5363,1.57,5408,15083.0,5593,29986,2.79
270030511023,Anoka,384,154,14664,14935.0,14664,18591,1.02,22129,27537.0,22129,39939,1.24
270030511024,Anoka,938,1876,6799,8563.0,6799,13053,1.26,20395,30254.0,20601,40243,1.48
270030511031,Anoka,491,25,902,2137.0,902,5459,2.37,6471,11322.0,6471,20461,1.75
270030511032,Anoka,715,719,5478,7105.0,5478,12593,1.3,17912,27471.0,17912,47879,1.53
270030511033,Anoka,474,4557,5220,8180.0,5220,12612,1.57,14954,30935.0,19286,54795,2.07
270030512011,Anoka,532,1721,2941,5404.0,2941,11632,1.84,6228,24446.0,10623,146515,3.93
270030512012,Anoka,457,259,5468,7974.0,5468,13981,1.46,7085,28251.0,10623,172869,3.99
270030512013,Anoka,1222,339,2890,6023.0,2890,16598,2.08,3040,47483.0,3040,182501,15.62
270030512021,Anoka,1164,2402,6037,7033.0,6037,11878,1.16,7415,21147.0,10424,141376,2.85
270030512022,Anoka,839,571,1260,1499.0,1260,6001,1.19,6154,14661.0,6339,29894,2.38
270030512031,Anoka,536,227,243,550.0,243,4825,2.26,4687,8693.0,4687,14938,1.85
270030512032,Anoka,691,16,1193,1533.0,1193,5775,1.28,6797,11916.0,6797,19097,1.75
270030512033,Anoka,647,185,1437,2760.0,1437,9059,1.92,5798,14599.0,6108,24712,2.52
270030512034,Anoka,900,638,1914,6905.0,1914,13580,3.61,9951,24848.0,13043,42893,2.5
270030512062,Anoka,491,28,3254,9419.0,3254,21716,2.89,8220,51417.0,13419,209720,6.26
270030512063,Anoka,413,148,4666,10148.0,4666,23724,2.17,7439,47310.0,9951,175115,6.36
270030512064,Anoka,454,264,639,1158.0,639,4355,1.81,5723,20893.0,5774,174086,3.65
270030513021,Anoka,698,472,2073,4010.0,2073,12801,1.93,5882,21874.0,6071,59128,3.72
270030513022,Anoka,868,131,4789,8162.0,4789,15755,1.7,6710,68773.0,15715,165534,10.25
270030513023,Anoka,715,160,1684,2256.0,1684,6451,1.34,4115,13775.0,6150,25615,3.35
270030513041,Anoka,498,8,4622,7970.0,4622,16951,1.72,9168,36552.0,11670,180327,3.99
270030513042,Anoka,766,56,2401,4552.0,2401,11845,1.9,6540,31325.0,8402,191516,4.79
270030513051,Anoka,561,849,2435,7063.0,2435,15726,2.9,9322,39238.0,12113,150246,4.21
270030513052,Anoka,616,57,5729,8134.0,5729,16361,1.42,6564,39050.0,11284,128988,5.95
270030513053,Anoka,405,786,4789,9173.0,4789,15755,1.92,6564,88603.0,17575,203334,13.5
270030514001,Anoka,607,27,4431,9812.0,4591,19056,2.21,6983,93804.0,26256,196327,13.43
270030514002,Anoka,1277,788,3137,6616.0,3290,21124,2.11,6347,90675.0,19442,221069,14.29
270030514003,Anoka,517,7,1448,4111.0,1448,9055,2.84,4467,42286.0,6742,195342,9.47
270030514004,Anoka,544,249,4300,6950.0,4453,13750,1.62,6641,72697.0,20481,191296,10.95
270030515011,Anoka,1027,184,5046,11466.0,5366,20447,2.27,6986,103231.0,28946,228128,14.78
270030515012,Anoka,632,1882,4757,23793.0,9752,65324,5.0,7596,196244.0,49427,295573,25.84
270030515021,Anoka,993,187,3382,5566.0,3382,13246,1.65,7013,54741.0,14997,221891,7.81
270030515022,Anoka,552,283,3608,7279.0,3608,28776,2.02,7057,33483.0,11125,109717,4.74
270030516001,Anoka,1073,147,147,147.0,147,147,1.0,147,147.0,147,147,1.0
270030516002,Anoka,454,45,45,45.0,45,45,1.0,45,45.0,45,45,1.0
270030516003,Anoka,581,43,43,43.0,43,43,1.0,43,43.0,43,43,1.0
270030516004,Anoka,574,86,86,86.0,86,86,1.0,86,86.0,86,86,1.0
270190901011,Carver,533,144,144,144.0,144,144,1.0,144,144.0,144,144,1.0
270190901012,Carver,522,39,73,73.0,73,73,1.0,405,405.0,405,405,1.0
270190901013,Carver,589,34,366,366.0,366,366,1.0,787,787.0,787,787,1.0
270190901021,Carver,494,382,714,714.0,714,714,1.0,748,748.0,748,748,1.0
270190901022,Carver,525,332,748,748.0,748,748,1.0,787,787.0,787,787,1.0
270190901023,Carver,612,129,168,168.0,168,168,1.0,534,534.0,534,534,1.0
270190902001,Carver,462,93,93,93.0,93,93,1.0,93,93.0,93,93,1.0
270190902002,Carver,443,209,209,209.0,209,209,1.0,209,209.0,209,209,1.0
270190902003,Carver,1226,129,129,129.0,129,129,1.0,129,129.0,129,129,1.0
270190902004,Carver,334,67,67,67.0,67,67,1.0,67,67.0,67,67,1.0
270190903021,Carver,647,302,2339,2339.0,2339,2339,1.0,5057,5057.0,5057,5057,1.0
270190903022,Carver,1439,299,2339,2339.0,2339,2339,1.0,4273,4273.0,4273,4273,1.0
270190903023,Carver,701,144,636,636.0,636,636,1.0,2374,2374.0,2374,2374,1.0
270190903024,Carver,1064,1738,2673,2673.0,2673,2673,1.0,4299,4299.0,4299,4299,1.0
270190903031,Carver,354,610,4819,4819.0,4819,4819,1.0,5610,5610.0,5610,5610,1.0
270190903032,Carver,861,784,3020,3020.0,3020,3020,1.0,4819,4819.0,4819,4819,1.0
270190903033,Carver,669,1324,4456,4456.0,4456,4456,1.0,5311,5311.0,5311,5311,1.0
270190903041,Carver,888,61,61,61.0,61,61,1.0,2922,2922.0,2922,2922,1.0
270190903042,Carver,450,492,2374,2374.0,2374,2374,1.0,4308,4308.0,4308,4308,1.0
270190903043,Carver,426,143,143,143.0,143,143,1.0,143,143.0,143,143,1.0
270190904011,Carver,1383,127,127,127.0,127,127,1.0,202,202.0,202,202,1.0
270190904012,Carver,534,488,488,488.0,488,488,1.0,488,488.0,488,488,1.0
270190904013,Carver,764,241,241,241.0,241,241,1.0,241,241.0,241,241,1.0
270190904014,Carver,1571,166,211,211.0,211,211,1.0,286,286.0,286,286,1.0
270190904021,Carver,941,784,784,784.0,784,784,1.0,957,957.0,957,957,1.0
270190904022,Carver,294,75,1159,1159.0,1159,1159,1.0,1234,1234.0,1234,1234,1.0
270190904023,Carver,780,75,323,323.0,323,323,1.0,1107,1107.0,1107,1107,1.0
270190904024,Carver,730,45,45,45.0,45,45,1.0,120,120.0,120,120,1.0
270190904025,Carver,851,173,1107,1107.0,1107,1107,1.0,1107,1107.0,1107,1107,1.0
270190905011,Carver,884,53,53,53.0,53,53,1.0,75,75.0,75,75,1.0
270190905012,Carver,603,199,199,199.0,199,199,1.0,199,199.0,199,199,1.0
270190905021,Carver,777,267,298,298.0,298,298,1.0,929,929.0,929,929,1.0
270190905022,Carver,871,133,3928,3928.0,3928,3928,1.0,3928,3928.0,3928,3928,1.0
270190905031,Carver,706,55,86,86.0,86,86,1.0,2707,2707.0,2707,2707,1.0
270190905032,Carver,918,244,244,244.0,244,244,1.0,828,828.0,828,828,1.0
270190906011,Carver,708,2449,8129,8129.0,8129,8129,1.0,10003,10003.0,10003,10003,1.0
270190906012,Carver,552,17,338,338.0,338,338,1.0,6911,6911.0,6911,6911,1.0
270190906013,Carver,958,77,2526,2526.0,2526,2526,1.0,8398,8398.0,8398,8398,1.0
270190906021,Carver,806,81,200,200.0,200,200,1.0,943,943.0,943,943,1.0
270190906022,Carver,753,112,206,206.0,206,206,1.0,2954,2954.0,2954,2954,1.0
270190907021,Carver,441,864,864,864.0,864,864,1.0,1176,1176.0,1176,1176,1.0
270190907022,Carver,1058,71,71,71.0,71,71,1.0,71,71.0,71,71,1.0
270190907023,Carver,464,312,312,312.0,312,312,1.0,312,312.0,312,312,1.0
270190907031,Carver,929,1514,1541,1541.0,1541,1541,1.0,2349,2349.0,2349,2349,1.0
270190907032,Carver,849,3795,3795,3795.0,3795,3795,1.0,7751,7751.0,7751,7751,1.0
270190907033,Carver,800,1690,1690,1690.0,1690,1690,1.0,3204,3204.0,3204,3204,1.0
270190907041,Carver,485,808,6615,6615.0,6615,6615,1.0,8219,8219.0,8219,8219,1.0
270190907042,Carver,668,27,835,835.0,835,835,1.0,4798,4798.0,4798,4798,1.0
270190908011,Carver,807,310,835,835.0,835,835,1.0,1102,1102.0,1102,1102,1.0
270190908012,Carver,609,134,134,134.0,134,134,1.0,336,336.0,336,336,1.0
270190908013,Carver,1060,88,367,367.0,367,367,1.0,1578,1578.0,1578,1578,1.0
270190908014,Carver,474,32,898,898.0,898,898,1.0,1035,1035.0,1035,1035,1.0
270190908015,Carver,942,68,322,322.0,322,322,1.0,1049,1049.0,1049,1049,1.0
270190908021,Carver,689,14,148,148.0,148,148,1.0,285,285.0,285,285,1.0
270190908022,Carver,568,1025,1025,1025.0,1025,1025,1.0,1025,1025.0,1025,1025,1.0
270190909011,Carver,1107,328,328,328.0,328,328,1.0,904,904.0,904,904,1.0
270190909012,Carver,648,110,110,110.0,110,110,1.0,576,576.0,576,576,1.0
270190909021,Carver,4,3823,3823,3823.0,3823,3823,1.0,7686,7686.0,7686,7686,1.0
270190909022,Carver,776,3197,3197,3197.0,3197,3197,1.0,3844,3844.0,3844,3844,1.0
270190909023,Carver,511,576,676,676.0,676,676,1.0,3961,3961.0,3961,3961,1.0
270190910011,Carver,497,1099,2026,2026.0,2026,2026,1.0,2601,2601.0,2601,2601,1.0
270190910012,Carver,682,122,1565,1565.0,1565,1565,1.0,2930,2930.0,2930,2930,1.0
270190910013,Carver,490,344,1171,1171.0,1171,1171,1.0,3349,3349.0,3349,3349,1.0
270190910014,Carver,863,267,1708,1708.0,1708,1708,1.0,3239,3239.0,3239,3239,1.0
270190910021,Carver,455,660,2026,2026.0,2026,2026,1.0,2557,2557.0,2557,2557,1.0
270190910022,Carver,857,109,419,419.0,419,419,1.0,2106,2106.0,2106,2106,1.0
270190910023,Carver,945,137,247,247.0,247,247,1.0,560,560.0,560,560,1.0
270190910024,Carver,948,110,247,247.0,247,247,1.0,645,645.0,645,645,1.0
270190910025,Carver,947,78,78,78.0,78,78,1.0,738,738.0,738,738,1.0
270190911001,Carver,617,60,550,550.0,550,550,1.0,650,650.0,650,650,1.0
270190911002,Carver,698,220,220,220.0,220,220,1.0,220,220.0,220,220,1.0
270190911003,Carver,511,128,128,128.0,128,128,1.0,128,128.0,128,128,1.0
270190911004,Carver,834,380,380,380.0,380,380,1.0,440,440.0,440,440,1.0
270190911005,Carver,551,100,210,210.0,210,210,1.0,270,270.0,270,270,1.0
270190911006,Carver,460,180,180,180.0,180,180,1.0,180,180.0,180,180,1.0
270190911007,Carver,826,110,110,110.0,110,110,1.0,270,270.0,270,270,1.0
270190912011,Carver,605,389,464,464.0,464,464,1.0,464,464.0,464,464,1.0
270190912012,Carver,461,87,87,87.0,87,87,1.0,476,476.0,476,476,1.0
270190912013,Carver,554,444,920,920.0,920,920,1.0,995,995.0,995,995,1.0
270190912014,Carver,590,103,103,103.0,103,103,1.0,103,103.0,103,103,1.0
270190912015,Carver,623,75,75,75.0,75,75,1.0,464,464.0,464,464,1.0
270190912021,Carver,507,344,344,344.0,344,344,1.0,344,344.0,344,344,1.0
270190912022,Carver,1319,591,591,591.0,591,591,1.0,591,591.0,591,591,1.0
270370601011,Dakota,924,75,1791,6389.0,1791,21108,3.57,3821,57158.0,29702,91921,14.96
270370601012,Dakota,622,44,2320,30648.0,9516,58372,13.21,5511,91583.0,51243,127500,16.62
270370601013,Dakota,504,127,2246,37305.0,11927,68178,16.61,5371,100981.0,70446,161008,18.8
270370601021,Dakota,738,210,1577,11668.0,1577,39782,7.4,5678,61479.0,17034,109483,10.83
270370601022,Dakota,796,270,1051,13003.0,1051,49244,12.37,4149,60495.0,7014,125110,14.58
270370601031,Dakota,635,125,1642,12418.0,1642,42946,7.56,3894,54986.0,5499,117159,14.12
270370601032,Dakota,823,65,65,333.0,65,2466,5.13,6033,11719.0,6033,42834,1.94
270370601041,Dakota,791,459,2856,5904.0,2856,10694,2.07,7826,45946.0,12437,71820,5.87
270370601042,Dakota,806,1820,5509,8036.0,5509,16404,1.46,8718,44330.0,13382,79607,5.08
270370601043,Dakota,591,1210,2475,10387.0,2475,46286,4.2,7995,52500.0,8473,111183,6.57
270370601044,Dakota,566,381,3442,14931.0,3442,40796,4.34,6860,66188.0,36189,108116,9.65
270370601051,Dakota,627,2479,7578,13792.0,9125,30344,1.82,8706,63303.0,30936,101499,7.27
270370601052,Dakota,1005,616,2926,17087.0,2926,43613,5.84,8954,70447.0,46076,109133,7.87
270370601053,Dakota,399,307,4796,11332.0,5731,28941,2.36,8100,55288.0,16660,101557,6.83
270370601054,Dakota,515,189,6031,9239.0,6282,28797,1.53,8759,47026.0,14939,95909,5.37
270370602011,Dakota,546,14,504,1782.0,504,8340,3.53,6365,20854.0,6365,63098,3.28
270370602012,Dakota,393,63,138,10926.0,138,37594,79.17,2312,65116.0,7278,111401,28.16
270370602013,Dakota,530,26,2836,3313.0,2836,6916,1.17,7029,12908.0,7029,38705,1.84
270370602021,Dakota,516,115,1691,5784.0,1691,21315,3.42,5127,47428.0,9018,94926,9.25
270370602022,Dakota,761,250,533,3822.0,533,17204,7.17,2460,43320.0,9123,93755,17.61
270370602023,Dakota,501,36,1705,2787.0,1705,9541,1.63,5981,23301.0,6433,54233,3.9
270370603011,Dakota,366,85,1818,5777.0,1897,11522,3.18,5605,32396.0,14402,58450,5.78
270370603012,Dakota,6,3070,4470,7714.0,4470,23033,1.73,5478,49831.0,5541,101893,9.1
270370603013,Dakota,715,899,4773,7928.0,4773,16588,1.66,5361,41220.0,14434,88488,7.69
270370603014,Dakota,959,282,4812,9170.0,4891,14661,1.91,5779,41108.0,15125,58450,7.11
270370603021,Dakota,324,62,1661,5411.0,1959,11522,3.26,5636,31106.0,13530,58450,5.52
270370603022,Dakota,342,29,1327,4326.0,1327,10912,3.26,5015,24845.0,5467,58329,4.95
270370603023,Dakota,580,1,699,4222.0,699,10876,6.04,4650,24410.0,5102,58329,5.25
270370603024,Dakota,686,189,1599,2833.0,1599,8518,1.77,2233,15513.0,2420,47472,6.95
270370604011,Dakota,895,219,4840,8566.0,4840,15800,1.77,5627,29127.0,10395,59040,5.18
270370604012,Dakota,482,6,1988,2584.0,1988,6189,1.3,5664,15219.0,7191,30840,2.69
270370604021,Dakota,297,507,1960,3430.0,1960,7257,1.75,3236,12563.0,4135,32220,3.88
270370604022,Dakota,406,46,2122,4231.0,2122,9727,1.99,7047,20443.0,7446,41263,2.9
270370604023,Dakota,541,154,1016,4021.0,1016,11597,3.96,6567,19207.0,7155,38609,2.92
270370604024,Dakota,587,33,2179,5474.0,2179,13596,2.51,4204,22370.0,4792,53513,5.32
270370605021,Dakota,906,1163,1897,2604.0,1897,5693,1.37,2025,6090.0,2025,18562,3.01
270370605022,Dakota,410,27,455,1072.0,455,4243,2.36,3338,5064.0,3338,9360,1.52
270370605023,Dakota,500,57,408,1521.0,408,9812,3.73,1195,6862.0,1195,49294,5.74
270370605024,Dakota,335,318,474,1780.0,474,10160,3.75,1195,7768.0,1195,50815,6.5
270370605031,Dakota,319,66,384,389.0,384,436,1.01,485,1585.0,485,4415,3.27
270370605032,Dakota,864,33,446,2256.0,446,5629,5.06,2059,8095.0,2059,31020,3.93
270370605033,Dakota,652,16,128,1149.0,128,5088,8.98,1468,4776.0,1468,12430,3.25
270370605034,Dakota,709,52,152,1823.0,152,5082,12.0,1699,6428.0,1699,24305,3.78
270370605051,Dakota,669,26,2738,4660.0,2738,11958,1.7,4618,16510.0,4618,52670,3.58
270370605052,Dakota,1318,350,350,350.0,350,350,1.0,350,350.0,350,350,1.0
270370605053,Dakota,735,58,2738,5665.0,2738,14621,2.07,5075,21299.0,5075,62859,4.2
270370605054,Dakota,812,1573,3393,4891.0,3393,10045,1.44,6426,21852.0,6488,54528,3.4
270370605061,Dakota,391,250,808,808.0,808,808,1.0,3219,3360.0,3219,4783,1.04
270370605062,Dakota,1054,46,435,643.0,435,1830,1.48,5227,10461.0,5227,17954,2.0
270370605063,Dakota,406,2654,2746,2746.0,2746,2746,1.0,3889,4688.0,3889,6708,1.21
270370605064,Dakota,859,457,4524,4524.0,4524,4524,1.0,4861,5634.0,4861,8303,1.16
270370605071,Dakota,537,855,956,1129.0,956,2220,1.18,1051,2829.0,1051,6585,2.69
270370605072,Dakota,412,24,956,1232.0,956,2247,1.29,1051,3436.0,1051,11493,3.27
270370605073,Dakota,689,77,956,956.0,956,956,1.0,1706,2165.0,1706,5743,1.27
270370605081,Dakota,9,767,767,767.0,767,767,1.0,767,767.0,767,767,1.0
270370605082,Dakota,1188,183,183,183.0,183,183,1.0,5743,5743.0,5743,5743,1.0
270370605083,Dakota,647,77,77,77.0,77,77,1.0,99,99.0,99,99,1.0
270370605084,Dakota,380,22,22,22.0,22,22,1.0,294,294.0,294,294,1.0
270370605085,Dakota,639,138,138,138.0,138,138,1.0,138,138.0,138,138,1.0
270370605091,Dakota,843,590,590,593.0,590,642,1.01,1224,1904.0,1224,5554,1.56
270370605092,Dakota,1057,267,1404,1566.0,1404,2796,1.12,1480,2472.0,1480,5836,1.67
270370605093,Dakota,1070,282,617,848.0,617,1529,1.37,1556,3142.0,1556,11401,2.02
270370606031,Dakota,460,20,527,668.0,527,2598,1.27,1101,15434.0,1101,49294,14.02
270370606032,Dakota,564,919,1096,1096.0,1096,1096,1.0,1096,2792.0,1096,19516,2.55
270370606033,Dakota,447,292,404,404.0,404,404,1.0,1571,1571.0,1571,1571,1.0
270370606034,Dakota,522,112,132,132.0,132,132,1.0,1885,2144.0,1885,4488,1.14
270370606041,Dakota,536,400,563,563.0,563,563,1.0,855,855.0,855,855,1.0
270370606042,Dakota,399,82,563,563.0,563,563,1.0,1774,1774.0,1774,1774,1.0
270370606043,Dakota,589,81,163,163.0,163,163,1.0,1774,1774.0,1774,1774,1.0
270370606051,Dakota,32,6252,6252,6252.0,6252,6252,1.0,13970,13970.0,13970,13970,1.0
270370606052,Dakota,518,1157,4226,4226.0,4226,4226,1.0,4941,4941.0,4941,4941,1.0
270370606053,Dakota,474,3069,3069,3069.0,3069,3069,1.0,10559,10559.0,10559,10559,1.0
270370606061,Dakota,806,52,634,634.0,634,634,1.0,1791,1791.0,1791,1791,1.0
270370606062,Dakota,713,582,634,634.0,634,634,1.0,2710,2710.0,2710,2710,1.0
270370607091,Dakota,629,122,176,176.0,176,176,1.0,9643,9643.0,9643,9643,1.0
270370607092,Dakota,940,113,448,448.0,448,448,1.0,4280,4280.0,4280,4280,1.0
270370607093,Dakota,927,54,308,308.0,308,308,1.0,3458,3458.0,3458,3458,1.0
270370607094,Dakota,392,141,557,557.0,557,557,1.0,1580,1580.0,1580,1580,1.0
270370607101,Dakota,820,162,933,933.0,933,933,1.0,5697,8045.0,5697,20614,1.41
270370607102,Dakota,936,543,2605,2605.0,2605,2605,1.0,4786,13990.0,4786,35722,2.92
270370607103,Dakota,368,378,548,548.0,548,548,1.0,1846,1846.0,1846,1846,1.0
270370607111,Dakota,593,19,801,801.0,801,801,1.0,7647,7647.0,7647,7647,1.0
270370607112,Dakota,549,1846,5589,7382.0,5589,17294,1.32,5952,37993.0,8891,135187,6.38
270370607113,Dakota,389,48,2782,2782.0,2782,2782,1.0,8386,8386.0,8386,8386,1.0
270370607114,Dakota,662,2485,5652,5652.0,5652,5652,1.0,8609,8609.0,8609,8609,1.0
270370607131,Dakota,573,626,1187,1187.0,1187,1187,1.0,3824,3824.0,3824,3824,1.0
270370607132,Dakota,1001,230,3545,3545.0,3545,3545,1.0,4774,4774.0,4774,4774,1.0
270370607141,Dakota,842,167,497,497.0,497,497,1.0,2446,2446.0,2446,2446,1.0
270370607142,Dakota,709,108,1034,1034.0,1034,1034,1.0,2728,2728.0,2728,2728,1.0
270370607143,Dakota,627,222,2446,2446.0,2446,2446,1.0,7955,7955.0,7955,7955,1.0
270370607161,Dakota,836,3152,7589,7589.0,7589,7589,1.0,8491,8491.0,8491,8491,1.0
270370607162,Dakota,984,474,685,685.0,685,685,1.0,4916,4916.0,4916,4916,1.0
270370607171,Dakota,3,3682,7009,7009.0,7009,7009,1.0,16259,16259.0,16259,16259,1.0
270370607172,Dakota,10,1062,8071,8071.0,8071,8071,1.0,10482,10482.0,10482,10482,1.0
270370607174,Dakota,796,5864,6926,6926.0,6926,6926,1.0,6965,6965.0,6965,6965,1.0
270370607176,Dakota,611,3327,8334,8334.0,8334,8334,1.0,15340,15340.0,15340,15340,1.0
270370607211,Dakota,859,1443,1730,2052.0,1730,5705,1.19,2333,20195.0,2333,47089,8.66
270370607212,Dakota,753,135,2245,2359.0,2245,3381,1.05,3875,16920.0,3875,42048,4.37
270370607251,Dakota,622,761,1634,1634.0,1634,1634,1.0,12229,12229.0,12229,12229,1.0
270370607252,Dakota,518,550,1311,1311.0,1311,1311,1.0,7580,7580.0,7580,7580,1.0
270370607253,Dakota,962,2794,7257,7257.0,7257,7257,1.0,8341,8341.0,8341,8341,1.0
270370607261,Dakota,442,520,4649,4649.0,4649,4649,1.0,12535,12535.0,12535,12535,1.0
270370607262,Dakota,524,323,2409,2409.0,2409,2409,1.0,14879,14879.0,14879,14879,1.0
270370607263,Dakota,721,4129,5763,5763.0,5763,5763,1.0,11267,11267.0,11267,11267,1.0
270370607271,Dakota,671,332,2312,2312.0,2312,2312,1.0,4420,4420.0,4420,4420,1.0
270370607272,Dakota,4,550,882,882.0,882,882,1.0,2635,2635.0,2635,2635,1.0
270370607273,Dakota,1089,1325,2312,2312.0,2312,2312,1.0,2778,2778.0,2778,2778,1.0
270370607281,Dakota,1143,5270,5422,5422.0,5422,5422,1.0,6011,6011.0,6011,6011,1.0
270370607282,Dakota,994,56,143,143.0,143,143,1.0,5482,5482.0,5482,5482,1.0
270370607283,Dakota,576,87,143,143.0,143,143,1.0,2342,2342.0,2342,2342,1.0
270370607291,Dakota,783,881,881,881.0,881,881,1.0,2493,2493.0,2493,2493,1.0
270370607292,Dakota,720,260,260,260.0,260,260,1.0,2653,2653.0,2653,2653,1.0
270370607293,Dakota,445,105,986,986.0,986,986,1.0,1735,1735.0,1735,1735,1.0
270370607311,Dakota,612,18,95,95.0,95,95,1.0,489,489.0,489,489,1.0
270370607312,Dakota,666,36,175,175.0,175,175,1.0,2311,2311.0,2311,2311,1.0
270370607313,Dakota,501,24,24,24.0,24,24,1.0,254,254.0,254,254,1.0
270370607314,Dakota,785,41,41,41.0,41,41,1.0,368,368.0,368,368,1.0
270370607321,Dakota,753,95,189,189.0,189,189,1.0,789,789.0,789,789,1.0
270370607322,Dakota,929,272,294,294.0,294,294,1.0,294,294.0,294,294,1.0
270370607323,Dakota,400,249,908,908.0,908,908,1.0,1039,1039.0,1039,1039,1.0
270370607324,Dakota,993,94,494,494.0,494,494,1.0,1003,1003.0,1003,1003,1.0
270370607331,Dakota,709,119,1084,1084.0,1084,1084,1.0,2104,2104.0,2104,2104,1.0
270370607332,Dakota,747,965,1084,1084.0,1084,1084,1.0,1910,1910.0,1910,1910,1.0
270370607333,Dakota,642,121,175,175.0,175,175,1.0,2021,2021.0,2021,2021,1.0
270370607341,Dakota,623,12,437,437.0,437,437,1.0,4962,4962.0,4962,4962,1.0
270370607342,Dakota,429,57,1102,1102.0,1102,1102,1.0,1607,1607.0,1607,1607,1.0
270370607343,Dakota,905,68,137,137.0,137,137,1.0,1488,1488.0,1488,1488,1.0
270370607344,Dakota,390,368,400,400.0,400,400,1.0,485,485.0,485,485,1.0
270370607351,Dakota,815,1160,1523,1523.0,1523,1523,1.0,5421,5421.0,5421,5421,1.0
270370607352,Dakota,665,206,1823,1823.0,1823,1823,1.0,5556,5707.0,5556,6692,1.03
270370607353,Dakota,590,157,546,546.0,546,546,1.0,2526,2526.0,2526,2526,1.0
270370607354,Dakota,641,166,493,493.0,493,493,1.0,2579,2579.0,2579,2579,1.0
270370607371,Dakota,1072,156,1585,1585.0,1585,1585,1.0,5911,5911.0,5911,5911,1.0
270370607372,Dakota,621,85,7533,7533.0,7533,7533,1.0,11718,11718.0,11718,11718,1.0
270370607373,Dakota,610,718,4324,4324.0,4324,4324,1.0,11451,20745.0,11451,42549,1.81
270370607381,Dakota,1045,175,331,331.0,331,331,1.0,2654,2654.0,2654,2654,1.0
270370607382,Dakota,803,537,622,622.0,622,622,1.0,8019,8019.0,8019,8019,1.0
270370607391,Dakota,786,418,418,418.0,418,418,1.0,8276,8276.0,8276,8276,1.0
270370607392,Dakota,21,3736,7772,7772.0,7772,7772,1.0,12277,12277.0,12277,12277,1.0
270370607393,Dakota,474,780,6410,6410.0,6410,6410,1.0,8903,8903.0,8903,8903,1.0
270370607394,Dakota,962,1894,2674,2674.0,2674,2674,1.0,8227,8227.0,8227,8227,1.0
270370607395,Dakota,643,1362,1948,1948.0,1948,1948,1.0,11475,11475.0,11475,11475,1.0
270370607421,Dakota,681,37,617,617.0,617,617,1.0,2205,2205.0,2205,2205,1.0
270370607422,Dakota,482,18,442,442.0,442,442,1.0,2622,2622.0,2622,2622,1.0
270370607423,Dakota,715,14,1027,1027.0,1027,1027,1.0,2314,2314.0,2314,2314,1.0
270370607431,Dakota,933,22,1469,1469.0,1469,1469,1.0,4089,4089.0,4089,4089,1.0
270370607441,Dakota,934,1870,1892,1892.0,1892,1892,1.0,3506,3506.0,3506,3506,1.0
270370607451,Dakota,897,87,3385,3385.0,3385,3385,1.0,14718,14718.0,14718,14718,1.0
270370607452,Dakota,475,37,9671,9671.0,9671,9671,1.0,14762,14762.0,14762,14762,1.0
270370607453,Dakota,340,358,5205,5205.0,5205,5205,1.0,14744,14744.0,14744,14744,1.0
270370607454,Dakota,12,2751,5205,5205.0,5205,5205,1.0,14488,14488.0,14488,14488,1.0
270370607456,Dakota,458,817,1912,1912.0,1912,1912,1.0,9305,9305.0,9305,9305,1.0
270370607461,Dakota,600,12,829,829.0,829,829,1.0,2141,2141.0,2141,2141,1.0
270370607462,Dakota,1053,266,266,266.0,266,266,1.0,1376,1376.0,1376,1376,1.0
270370607471,Dakota,936,334,2171,2171.0,2171,2171,1.0,7982,7982.0,7982,7982,1.0
270370607472,Dakota,820,287,531,531.0,531,531,1.0,5692,5692.0,5692,5692,1.0
270370607481,Dakota,337,791,7479,7479.0,7479,7479,1.0,8484,8484.0,8484,8484,1.0
270370607482,Dakota,725,59,194,194.0,194,194,1.0,1021,1021.0,1021,1021,1.0
270370607484,Dakota,735,5402,5402,5402.0,5402,5402,1.0,7371,7371.0,7371,7371,1.0
270370607491,Dakota,905,211,1006,1006.0,1006,1006,1.0,5601,5601.0,5601,5601,1.0
270370607501,Dakota,1033,287,1975,1975.0,1975,1975,1.0,5784,5860.0,5784,6920,1.01
270370607502,Dakota,467,34,200,200.0,200,200,1.0,2521,2521.0,2521,2521,1.0
270370607503,Dakota,895,17,546,546.0,546,546,1.0,2564,2564.0,2564,2564,1.0
270370607511,Dakota,480,9,394,394.0,394,394,1.0,6229,6229.0,6229,6229,1.0
270370607512,Dakota,1009,509,565,565.0,565,565,1.0,990,990.0,990,990,1.0
270370607521,Dakota,707,56,911,911.0,911,911,1.0,6524,6524.0,6524,6524,1.0
270370607522,Dakota,412,24,5577,5577.0,5577,5577,1.0,6403,6403.0,6403,6403,1.0
270370607523,Dakota,691,218,307,307.0,307,307,1.0,5932,5932.0,5932,5932,1.0
270370607531,Dakota,815,410,1963,1963.0,1963,1963,1.0,8563,8563.0,8563,8563,1.0
270370607532,Dakota,413,206,1405,1405.0,1405,1405,1.0,2740,2740.0,2740,2740,1.0
270370607541,Dakota,395,360,1601,1601.0,1601,1601,1.0,4435,4435.0,4435,4435,1.0
270370607542,Dakota,730,109,3880,3880.0,3880,3880,1.0,4364,4364.0,4364,4364,1.0
270370607543,Dakota,905,378,1053,1053.0,1053,1053,1.0,4277,4277.0,4277,4277,1.0
270370607544,Dakota,359,138,3708,3708.0,3708,3708,1.0,4396,4396.0,4396,4396,1.0
270370608051,Dakota,481,11,209,209.0,209,209,1.0,1255,1255.0,1255,1255,1.0
270370608052,Dakota,453,28,59,59.0,59,59,1.0,1219,1219.0,1219,1219,1.0
270370608053,Dakota,687,20,48,48.0,48,48,1.0,439,439.0,439,439,1.0
270370608061,Dakota,806,138,270,270.0,270,270,1.0,314,314.0,314,314,1.0
270370608062,Dakota,688,121,389,389.0,389,389,1.0,400,400.0,400,400,1.0
270370608063,Dakota,489,16,274,274.0,274,274,1.0,1789,1789.0,1789,1789,1.0
270370608064,Dakota,722,114,669,991.0,669,4644,1.48,2553,5478.0,2553,8554,2.15
270370608111,Dakota,940,20,120,120.0,120,120,1.0,2698,2698.0,2698,2698,1.0
270370608112,Dakota,572,100,1983,1983.0,1983,1983,1.0,6424,6445.0,6424,6735,1.0
270370608113,Dakota,9,1136,7330,7568.0,7330,8773,1.03,9791,15692.0,9791,42136,1.6
270370608114,Dakota,709,539,5895,5895.0,5895,5895,1.0,9528,12352.0,9528,33522,1.3
270370608115,Dakota,555,188,3076,3076.0,3076,3076,1.0,7483,7758.0,7483,8926,1.04
270370608121,Dakota,641,133,376,376.0,376,376,1.0,3633,3633.0,3633,3633,1.0
270370608122,Dakota,857,1093,4430,4430.0,4430,4430,1.0,8706,8754.0,8706,10149,1.01
270370608123,Dakota,568,107,3257,3371.0,3257,4393,1.03,8729,9346.0,8729,10881,1.07
270370608124,Dakota,1021,34,1968,1968.0,1968,1968,1.0,5338,5527.0,5338,8177,1.04
270370608131,Dakota,912,692,692,692.0,692,692,1.0,692,692.0,692,692,1.0
270370608132,Dakota,629,102,102,102.0,102,102,1.0,258,258.0,258,258,1.0
270370608133,Dakota,739,156,258,258.0,258,258,1.0,1333,1333.0,1333,1333,1.0
270370608141,Dakota,835,894,1199,1199.0,1199,1199,1.0,2727,2727.0,2727,2727,1.0
270370608142,Dakota,451,128,170,170.0,170,170,1.0,2569,2569.0,2569,2569,1.0
270370608143,Dakota,440,42,170,170.0,170,170,1.0,1898,1898.0,1898,1898,1.0
270370608144,Dakota,733,100,1402,1402.0,1402,1402,1.0,2235,5434.0,2235,47776,2.43
270370608145,Dakota,746,366,466,466.0,466,466,1.0,2030,2030.0,2030,2030,1.0
270370608151,Dakota,1322,500,628,628.0,628,628,1.0,1207,1207.0,1207,1207,1.0
270370608152,Dakota,461,1075,1575,1575.0,1575,1575,1.0,1941,1941.0,1941,1941,1.0
270370608153,Dakota,1050,225,225,225.0,225,225,1.0,1310,1310.0,1310,1310,1.0
270370608161,Dakota,1311,263,468,468.0,468,468,1.0,510,510.0,510,510,1.0
270370608162,Dakota,664,205,502,502.0,502,502,1.0,1346,1346.0,1346,1346,1.0
270370608163,Dakota,789,364,589,589.0,589,589,1.0,1483,1483.0,1483,1483,1.0
270370608164,Dakota,893,173,607,607.0,607,607,1.0,960,960.0,960,960,1.0
270370608191,Dakota,1032,349,727,727.0,727,727,1.0,2997,3035.0,2997,4133,1.01
270370608192,Dakota,1088,48,585,585.0,585,585,1.0,2014,2014.0,2014,2014,1.0
270370608193,Dakota,568,70,810,810.0,810,810,1.0,1767,1767.0,1767,1767,1.0
270370608194,Dakota,1118,91,839,839.0,839,839,1.0,1473,1473.0,1473,1473,1.0
270370608221,Dakota,668,501,664,664.0,664,664,1.0,1187,1187.0,1187,1187,1.0
270370608231,Dakota,641,25,462,462.0,462,462,1.0,4463,4463.0,4463,4463,1.0
270370608232,Dakota,612,241,436,436.0,436,436,1.0,5657,5743.0,5657,7100,1.02
270370608233,Dakota,966,1674,4754,4754.0,4754,4754,1.0,10623,10623.0,10623,10623,1.0
270370608241,Dakota,827,170,411,411.0,411,411,1.0,3825,4916.0,3825,7996,1.29
270370608242,Dakota,762,2839,8099,8099.0,8099,8099,1.0,9807,10179.0,9807,11250,1.04
270370608281,Dakota,11,1435,9497,9497.0,9497,9497,1.0,10224,10572.0,10224,11837,1.03
270370608282,Dakota,350,204,6687,7040.0,6687,8011,1.05,10459,13532.0,10459,35055,1.29
270370608283,Dakota,667,35,3258,3334.0,3258,4394,1.02,8538,9146.0,8538,10878,1.07
270370608284,Dakota,539,81,2648,2648.0,2648,2648,1.0,10213,10226.0,10213,10401,1.0
270370608285,Dakota,1200,288,8254,8254.0,8254,8254,1.0,10337,10601.0,10337,12319,1.03
270370608291,Dakota,1187,388,4625,4625.0,4625,4625,1.0,8804,9069.0,8804,9940,1.03
270370608292,Dakota,816,237,1060,1060.0,1060,1060,1.0,6452,6452.0,6452,6452,1.0
270370608301,Dakota,923,217,1209,1209.0,1209,1209,1.0,3753,3753.0,3753,3753,1.0
270370608302,Dakota,466,154,574,574.0,574,574,1.0,1907,1907.0,1907,1907,1.0
270370608303,Dakota,789,64,501,501.0,501,501,1.0,2199,2199.0,2199,2199,1.0
270370608311,Dakota,1397,76,1299,1299.0,1299,1299,1.0,2333,2333.0,2333,2333,1.0
270370608312,Dakota,1502,1071,1395,1395.0,1395,1395,1.0,1584,1584.0,1584,1584,1.0
270370608313,Dakota,957,66,379,379.0,379,379,1.0,2649,2649.0,2649,2649,1.0
270370608321,Dakota,551,4,295,295.0,295,295,1.0,517,517.0,517,517,1.0
270370608322,Dakota,800,65,199,199.0,199,199,1.0,1375,1375.0,1375,1375,1.0
270370608323,Dakota,501,86,162,162.0,162,162,1.0,1457,1457.0,1457,1457,1.0
270370608324,Dakota,1135,17,82,82.0,82,82,1.0,176,176.0,176,176,1.0
270370608331,Dakota,1721,476,615,615.0,615,615,1.0,907,907.0,907,907,1.0
270370608332,Dakota,1732,48,133,133.0,133,133,1.0,1082,1082.0,1082,1082,1.0
270370608341,Dakota,616,721,721,721.0,721,721,1.0,2196,2196.0,2196,2196,1.0
270370608342,Dakota,989,489,489,489.0,489,489,1.0,1438,1438.0,1438,1438,1.0
270370608351,Dakota,792,535,535,535.0,535,535,1.0,2761,2761.0,2761,2761,1.0
270370608352,Dakota,1048,228,228,228.0,228,228,1.0,4571,4571.0,4571,4571,1.0
270370608353,Dakota,1203,1509,1509,1509.0,1509,1509,1.0,2272,2272.0,2272,2272,1.0
270370608361,Dakota,16,1813,4048,4048.0,4048,4048,1.0,6903,6903.0,6903,6903,1.0
270370608362,Dakota,1189,1653,3087,3087.0,3087,3087,1.0,6016,6016.0,6016,6016,1.0
270370608363,Dakota,26,790,2603,2603.0,2603,2603,1.0,4936,4936.0,4936,4936,1.0
270370608364,Dakota,540,2094,4159,4159.0,4159,4159,1.0,5550,5550.0,5550,5550,1.0
270370608365,Dakota,1249,98,98,98.0,98,98,1.0,4354,4354.0,4354,4354,1.0
270370608371,Dakota,941,412,3315,3315.0,3315,3315,1.0,4036,4036.0,4036,4036,1.0
270370608372,Dakota,2203,1022,1022,1022.0,1022,1022,1.0,3808,3808.0,3808,3808,1.0
270370608381,Dakota,891,498,613,613.0,613,613,1.0,2390,2390.0,2390,2390,1.0
270370608382,Dakota,776,14,1757,1757.0,1757,1757,1.0,2744,2744.0,2744,2744,1.0
270370608383,Dakota,598,87,268,268.0,268,268,1.0,3231,3231.0,3231,3231,1.0
270370608391,Dakota,875,322,767,767.0,767,767,1.0,3689,3689.0,3689,3689,1.0
270370608392,Dakota,701,34,813,813.0,813,813,1.0,2074,2074.0,2074,2074,1.0
270370608393,Dakota,818,324,1772,1772.0,1772,1772,1.0,2208,2208.0,2208,2208,1.0
270370608401,Dakota,864,15,213,213.0,213,213,1.0,783,783.0,783,783,1.0
270370608402,Dakota,485,152,737,737.0,737,737,1.0,1024,1024.0,1024,1024,1.0
270370608403,Dakota,393,46,61,61.0,61,61,1.0,374,374.0,374,374,1.0
270370608411,Dakota,345,44,196,196.0,196,196,1.0,3212,3212.0,3212,3212,1.0
270370608412,Dakota,563,1656,1670,1670.0,1670,1670,1.0,4641,4641.0,4641,4641,1.0
270370608413,Dakota,736,80,578,578.0,578,578,1.0,2808,2808.0,2808,2808,1.0
270370609021,Dakota,1235,553,725,725.0,725,725,1.0,881,881.0,881,881,1.0
270370609022,Dakota,527,39,172,172.0,172,172,1.0,1698,1698.0,1698,1698,1.0
270370609023,Dakota,967,1272,1311,1311.0,1311,1311,1.0,1408,1408.0,1408,1408,1.0
270370609041,Dakota,358,272,1533,1533.0,1533,1533,1.0,3167,3167.0,3167,3167,1.0
270370609042,Dakota,731,716,2895,2895.0,2895,2895,1.0,3167,3167.0,3167,3167,1.0
270370609043,Dakota,368,659,2319,2319.0,2319,2319,1.0,4439,4439.0,4439,4439,1.0
270370609044,Dakota,448,672,1691,1691.0,1691,1691,1.0,2895,2895.0,2895,2895,1.0
270370609051,Dakota,701,69,69,69.0,69,69,1.0,372,372.0,372,372,1.0
270370609052,Dakota,921,303,975,975.0,975,975,1.0,1760,1760.0,1760,1760,1.0
270370609053,Dakota,1678,545,1261,1261.0,1261,1261,1.0,2895,2895.0,2895,2895,1.0
270370609061,Dakota,578,36,404,404.0,404,404,1.0,434,434.0,434,434,1.0
270370609062,Dakota,617,112,351,351.0,351,351,1.0,472,472.0,472,472,1.0
270370609063,Dakota,612,44,276,276.0,276,276,1.0,460,460.0,460,460,1.0
270370609071,Dakota,501,22,380,380.0,380,380,1.0,455,455.0,455,455,1.0
270370609072,Dakota,477,97,382,382.0,382,382,1.0,475,475.0,475,475,1.0
270370609073,Dakota,981,41,138,138.0,138,138,1.0,199,199.0,199,199,1.0
270370609074,Dakota,859,8,283,283.0,283,283,1.0,397,397.0,397,397,1.0
270370609075,Dakota,820,76,351,351.0,351,351,1.0,455,455.0,455,455,1.0
270370609076,Dakota,1089,48,363,363.0,363,363,1.0,503,503.0,503,503,1.0
270370610011,Dakota,444,354,354,354.0,354,354,1.0,354,354.0,354,354,1.0
270370610012,Dakota,537,293,293,293.0,293,293,1.0,293,293.0,293,293,1.0
270370610013,Dakota,432,157,157,157.0,157,157,1.0,157,157.0,157,157,1.0
270370610014,Dakota,880,216,216,216.0,216,216,1.0,285,285.0,285,285,1.0
270370610031,Dakota,3,1821,1821,1821.0,1821,1821,1.0,1821,1821.0,1821,1821,1.0
270370610032,Dakota,2128,2505,2528,2528.0,2528,2528,1.0,2721,2721.0,2721,2721,1.0
270370610051,Dakota,867,48,2766,2766.0,2766,2766,1.0,3728,3728.0,3728,3728,1.0
270370610052,Dakota,489,20,216,216.0,216,216,1.0,3634,3634.0,3634,3634,1.0
270370610071,Dakota,648,21,188,188.0,188,188,1.0,3689,3689.0,3689,3689,1.0
270370610072,Dakota,501,20,1870,1870.0,1870,1870,1.0,2276,2276.0,2276,2276,1.0
270370610073,Dakota,1024,1716,1849,1849.0,1849,1849,1.0,3176,3176.0,3176,3176,1.0
270370610074,Dakota,598,113,1972,1972.0,1972,1972,1.0,3141,3141.0,3141,3141,1.0
270370610081,Dakota,737,387,3237,3237.0,3237,3237,1.0,3618,3618.0,3618,3618,1.0
270370610082,Dakota,506,370,1548,1548.0,1548,1548,1.0,1783,1783.0,1783,1783,1.0
270370610091,Dakota,1779,118,118,118.0,118,118,1.0,3360,3360.0,3360,3360,1.0
270370610092,Dakota,530,269,1666,1666.0,1666,1666,1.0,3447,3447.0,3447,3447,1.0
270370610093,Dakota,640,75,367,367.0,367,367,1.0,1259,1259.0,1259,1259,1.0
270370610094,Dakota,565,17,115,115.0,115,115,1.0,1617,1617.0,1617,1617,1.0
270370610095,Dakota,638,23,98,98.0,98,98,1.0,233,233.0,233,233,1.0
270370610101,Dakota,1055,29,207,207.0,207,207,1.0,1569,1569.0,1569,1569,1.0
270370610102,Dakota,818,161,161,161.0,161,161,1.0,366,366.0,366,366,1.0
270370610111,Dakota,606,35,601,601.0,601,601,1.0,2275,2275.0,2275,2275,1.0
270370610112,Dakota,931,447,1316,1316.0,1316,1316,1.0,3482,3482.0,3482,3482,1.0
270370611021,Dakota,452,159,3267,3267.0,3267,3267,1.0,3543,3543.0,3543,3543,1.0
270370611022,Dakota,851,911,4599,4599.0,4599,4599,1.0,5009,5009.0,5009,5009,1.0
270370611023,Dakota,423,13,1302,1302.0,1302,1302,1.0,4858,4858.0,4858,4858,1.0
270370611024,Dakota,460,1470,3031,3031.0,3031,3031,1.0,3880,3880.0,3880,3880,1.0
270370611051,Dakota,558,612,2619,2619.0,2619,2619,1.0,3722,3722.0,3722,3722,1.0
270370611052,Dakota,825,151,1205,1205.0,1205,1205,1.0,5306,5306.0,5306,5306,1.0
270370611061,Dakota,740,259,2185,2185.0,2185,2185,1.0,3721,3721.0,3721,3721,1.0
270370611062,Dakota,738,378,3630,3630.0,3630,3630,1.0,5350,5350.0,5350,5350,1.0
270370611091,Dakota,777,1056,1978,1978.0,1978,1978,1.0,3446,3446.0,3446,3446,1.0
270370611092,Dakota,959,2162,2162,2162.0,2162,2162,1.0,3548,3548.0,3548,3548,1.0
270370611101,Dakota,1012,29,2537,2537.0,2537,2537,1.0,2716,2716.0,2716,2716,1.0
270370611102,Dakota,778,346,375,375.0,375,375,1.0,2716,2716.0,2716,2716,1.0
270370611111,Dakota,804,78,337,337.0,337,337,1.0,2185,2185.0,2185,2185,1.0
270370611112,Dakota,869,263,641,641.0,641,641,1.0,3060,3060.0,3060,3060,1.0
270370611121,Dakota,898,179,525,525.0,525,525,1.0,2867,2867.0,2867,2867,1.0
270370611122,Dakota,923,110,110,110.0,110,110,1.0,635,635.0,635,635,1.0
270370614011,Dakota,419,113,113,113.0,113,113,1.0,113,113.0,113,113,1.0
270370614012,Dakota,1276,80,80,80.0,80,80,1.0,80,80.0,80,80,1.0
270370614021,Dakota,489,279,279,279.0,279,279,1.0,279,279.0,279,279,1.0
270370614022,Dakota,648,391,391,391.0,391,391,1.0,391,391.0,391,391,1.0
270370614023,Dakota,421,123,123,123.0,123,123,1.0,123,123.0,123,123,1.0
270370614024,Dakota,493,252,252,252.0,252,252,1.0,252,252.0,252,252,1.0
270370615011,Dakota,692,279,279,279.0,279,279,1.0,279,279.0,279,279,1.0
270370615013,Dakota,560,229,229,229.0,229,229,1.0,229,229.0,229,229,1.0
270370615021,Dakota,515,677,677,677.0,677,677,1.0,677,677.0,677,677,1.0
270370615022,Dakota,615,998,998,998.0,998,998,1.0,998,998.0,998,998,1.0
270370615023,Dakota,388,115,115,115.0,115,115,1.0,115,115.0,115,115,1.0
270530001011,Hennepin,555,82,608,2464.0,608,9349,4.05,6830,39862.0,7655,184783,5.84
270530001012,Hennepin,393,40,286,3226.0,1063,9201,11.28,5978,43403.0,13997,88762,7.26
270530001013,Hennepin,384,847,1928,4408.0,1963,10048,2.29,4908,50485.0,16258,126074,10.29
270530001014,Hennepin,364,15,396,2117.0,396,10257,5.35,3623,29609.0,5544,169330,8.17
270530001021,Hennepin,503,591,2459,5832.0,2459,15155,2.37,4175,107248.0,17138,205980,25.69
270530001022,Hennepin,669,20,2040,5394.0,2500,12202,2.64,3167,102649.0,19569,206155,32.41
270530001023,Hennepin,654,90,1099,4903.0,1099,104567,4.46,2438,67071.0,6600,241135,27.51
270530001024,Hennepin,529,166,1025,2396.0,1025,14382,2.34,2736,49683.0,4079,178959,18.16
270530003001,Hennepin,623,27,995,3724.0,1546,11326,3.74,7428,105081.0,23546,204083,14.15
270530003002,Hennepin,575,47,665,1397.0,665,2788,2.1,8058,36249.0,10138,94136,4.5
270530003003,Hennepin,588,77,631,6254.0,2693,14589,9.91,6461,128327.0,26377,222507,19.86
270530006011,Hennepin,350,25,1891,10175.0,1891,28000,5.38,7957,141606.0,33278,254995,17.8
270530006012,Hennepin,676,80,2310,9368.0,2310,28000,4.06,9807,141202.0,42099,254995,14.4
270530006013,Hennepin,575,417,3539,4871.0,3539,9631,1.38,5774,51531.0,12244,166349,8.92
270530006014,Hennepin,528,23,1352,10173.0,2139,23886,7.52,7452,133689.0,29719,246727,17.94
270530006015,Hennepin,533,153,3381,18450.0,5533,63932,5.46,7535,188189.0,51499,274778,24.98
270530006031,Hennepin,797,69,1955,2511.0,1955,9878,1.28,5779,30796.0,7382,170038,5.33
270530006032,Hennepin,601,43,1609,4708.0,1609,17664,2.93,6464,81844.0,11647,217326,12.66
270530006033,Hennepin,416,8,2034,6617.0,2034,27373,3.25,7085,97539.0,11589,248397,13.77
270530011001,Hennepin,580,164,2619,18274.0,4114,51723,6.98,7896,207375.0,114707,272974,26.26
270530011002,Hennepin,730,462,3960,34936.0,8519,127734,8.82,10756,239047.0,154667,324168,22.22
270530017001,Hennepin,370,158,7244,36396.0,13044,131795,5.02,17790,225743.0,162675,299686,12.69
270530017002,Hennepin,903,981,8982,78943.0,12300,178060,8.79,16815,250344.0,162875,347158,14.89
270530022001,Hennepin,349,67,7283,81216.0,14468,168461,11.15,22871,241077.0,178062,330156,10.54
270530022002,Hennepin,265,160,9868,107988.0,25793,168078,10.94,31339,262666.0,196293,330074,8.38
270530024001,Hennepin,669,935,9266,76814.0,9266,157815,8.29,26684,239305.0,182544,319003,8.97
270530024002,Hennepin,843,812,11024,81913.0,13314,175970,7.43,26142,253670.0,181996,339023,9.7
270530027001,Hennepin,590,40,4302,40465.0,4337,126512,9.41,17599,219364.0,172006,272822,12.46
270530027002,Hennepin,654,39,1246,12889.0,1246,48614,10.34,17022,184431.0,65559,271252,10.83
270530032001,Hennepin,488,16,2061,45173.0,3206,136884,21.92,18323,211988.0,161125,285040,11.57
270530032002,Hennepin,358,24,2347,50925.0,2566,174256,21.7,18527,222505.0,176113,305129,12.01
270530033001,Hennepin,572,132,5535,63447.0,6271,140317,11.46,27504,225518.0,165969,302499,8.2
270530033002,Hennepin,427,96,11527,68406.0,11988,168678,5.93,34509,234990.0,163629,293880,6.81
270530038011,Hennepin,791,590,7233,120494.0,37212,199988,16.66,96753,298960.0,256925,354625,3.09
270530038012,Hennepin,542,13,37388,127392.0,46664,192930,3.41,121158,288978.0,249303,328752,2.39
270530038021,Hennepin,334,131,33013,125551.0,47540,191776,3.8,58953,308465.0,273736,349002,5.23
270530038022,Hennepin,475,82,34466,147195.0,84395,207140,4.27,93261,335965.0,269381,395941,3.6
270530059011,Hennepin,428,1911,143790,184292.0,158962,238080,1.28,185865,332797.0,288205,394682,1.79
270530059012,Hennepin,248,489,130989,188445.0,149279,244633,1.44,209102,350542.0,286857,408057,1.68
270530059013,Hennepin,360,456,128194,189327.0,150433,234586,1.48,208799,368702.0,316104,431910,1.77
270530059021,Hennepin,227,520,60850,159555.0,72117,208821,2.62,175572,301358.0,263813,360996,1.72
270530059022,Hennepin,313,403,63243,216163.0,133610,256833,3.42,174632,354164.0,283979,431123,2.03
270530059023,Hennepin,551,448,121394,175528.0,130336,219301,1.45,184727,307710.0,268498,373716,1.67
270530068001,Hennepin,707,512,50328,161497.0,79330,225955,3.21,174311,320654.0,252344,397676,1.84
270530068002,Hennepin,596,303,21351,175742.0,76875,236625,8.23,96071,343897.0,267864,427913,3.58
270530068003,Hennepin,467,341,16970,153773.0,67992,219966,9.06,113884,329632.0,275171,387546,2.89
270530068004,Hennepin,374,138,16578,157122.0,69986,222438,9.48,81282,331742.0,276204,412344,4.08
270530077001,Hennepin,1095,792,16334,58030.0,18966,134470,3.55,44441,280608.0,235340,348031,6.31
270530077002,Hennepin,2065,1494,11666,72572.0,17800,188938,6.22,25115,332118.0,258403,379733,13.22
270530078011,Hennepin,391,200,34180,156534.0,49531,214661,4.58,97338,324084.0,261176,401082,3.33
270530078012,Hennepin,379,350,35359,185352.0,80964,228227,5.24,70286,352418.0,273697,418247,5.01
270530081001,Hennepin,517,326,11364,50897.0,18815,151297,4.48,21886,310838.0,236413,379711,14.2
270530081002,Hennepin,440,229,11187,48333.0,16843,181845,4.32,20286,314808.0,232929,387267,15.52
270530081003,Hennepin,452,78,9435,41252.0,14567,121616,4.37,16539,307939.0,237102,372550,18.62
270530081004,Hennepin,566,308,9501,71457.0,15383,199210,7.52,16891,321696.0,251285,381960,19.05
270530082001,Hennepin,634,596,15326,122183.0,28407,210007,7.97,44844,326646.0,259201,385633,7.28
270530082002,Hennepin,403,249,10464,56167.0,14996,151625,5.37,35466,279256.0,218928,362780,7.87
270530082003,Hennepin,417,93,10783,40776.0,18053,151433,3.78,23896,299334.0,220999,363032,12.53
270530082004,Hennepin,488,467,12733,86509.0,22648,184031,6.79,36463,327663.0,262040,401847,8.99
270530083001,Hennepin,534,792,23489,127748.0,35490,220834,5.44,42976,316208.0,227915,412801,7.36
270530083002,Hennepin,285,130,11891,108839.0,24972,183456,9.15,43138,312117.0,241976,380985,7.24
270530084001,Hennepin,603,251,27381,89143.0,30664,191513,3.26,45707,292917.0,244194,372723,6.41
270530084002,Hennepin,508,186,28705,110732.0,36446,217230,3.86,44181,303941.0,224884,385597,6.88
270530085001,Hennepin,385,93,18345,52516.0,19337,156409,2.86,40049,276240.0,166939,403776,6.9
270530085002,Hennepin,672,54,18999,43145.0,20011,115136,2.27,43326,257025.0,102036,350454,5.93
270530085003,Hennepin,319,277,22233,93328.0,27794,192221,4.2,40988,286585.0,208474,364595,6.99
270530085004,Hennepin,343,859,26794,65802.0,33618,150030,2.46,47434,290807.0,216381,374988,6.13
270530095001,Hennepin,381,128,17476,77261.0,30871,187087,4.42,38137,282362.0,202251,357531,7.4
270530095002,Hennepin,307,70,5189,77186.0,28060,169457,14.87,32678,290988.0,215412,364353,8.9
270530095003,Hennepin,581,125,4148,39463.0,12485,103147,9.51,10036,261288.0,211288,360345,26.04
270530096001,Hennepin,359,116,16942,43605.0,21727,109919,2.57,34276,252342.0,120394,312886,7.36
270530096002,Hennepin,453,181,3801,24179.0,4703,66431,6.36,28367,214632.0,90801,276516,7.57
270530096003,Hennepin,457,124,2746,17969.0,3720,40197,6.54,21256,193594.0,87228,302398,9.11
270530096004,Hennepin,443,143,3133,24042.0,4250,108479,7.67,8000,222098.0,118306,325710,27.76
270530106001,Hennepin,314,84,2237,26170.0,4267,77865,11.7,9025,181584.0,74138,348411,20.12
270530106002,Hennepin,610,180,5514,21766.0,6255,56561,3.95,7274,130366.0,40400,304222,17.92
270530106003,Hennepin,463,24,2923,34168.0,3062,66394,11.69,6438,169382.0,68742,292985,26.31
270530107001,Hennepin,358,302,3403,19208.0,7879,56172,5.64,7153,240814.0,145194,337335,33.67
270530107002,Hennepin,510,37,2084,11442.0,4273,53312,5.49,6387,161119.0,58526,320312,25.23
270530107003,Hennepin,439,140,2672,8360.0,4236,17440,3.13,6918,138341.0,42998,279482,20.0
270530110001,Hennepin,654,42,1951,13259.0,2329,43382,6.8,4710,206633.0,32226,357344,43.87
270530110002,Hennepin,342,45,2187,14619.0,2822,56464,6.68,6535,202374.0,43920,337980,30.97
270530110003,Hennepin,384,58,2577,25782.0,8237,102526,10.0,6163,234363.0,118816,364595,38.03
270530110004,Hennepin,664,202,1759,17341.0,2163,109658,9.86,4656,225374.0,46278,371609,48.4
270530117031,Hennepin,360,45,1440,8600.0,1510,27276,5.97,2183,133015.0,27783,293760,60.93
270530117032,Hennepin,396,55,1448,7114.0,1535,19544,4.91,3446,122176.0,48068,236502,35.45
270530117033,Hennepin,500,173,1391,20694.0,7898,50946,14.88,3853,216345.0,109621,347855,56.15
270530117034,Hennepin,453,29,1436,12471.0,1727,42663,8.68,3312,170241.0,31012,322649,51.4
270530117035,Hennepin,499,47,1780,12480.0,2274,41196,7.01,4585,173142.0,60204,326917,37.76
270530117041,Hennepin,650,141,940,3031.0,996,7669,3.22,3229,72781.0,22192,164920,22.54
270530117042,Hennepin,458,121,863,20299.0,4396,50915,23.52,4525,210863.0,91125,318137,46.6
270530117043,Hennepin,771,35,2398,11278.0,4777,39688,4.7,6955,124525.0,54577,261508,17.9
270530118001,Hennepin,463,66,1824,7184.0,2405,42308,3.94,5096,100735.0,31433,246885,19.77
270530118002,Hennepin,498,67,1453,7556.0,2312,42091,5.2,4417,100684.0,14018,247323,22.79
270530118003,Hennepin,379,199,1290,6237.0,2349,11271,4.83,7094,76238.0,12188,229873,10.75
270530118004,Hennepin,412,68,862,15095.0,4953,57029,17.51,2885,155835.0,16449,281631,54.02
270530118005,Hennepin,746,92,757,6485.0,802,10285,8.57,2231,69020.0,9927,230282,30.94
270530119981,Hennepin,351,29,2575,9936.0,2817,13520,3.86,10278,147337.0,75364,254932,14.34
270530119982,Hennepin,483,7,5733,7393.0,5733,10702,1.29,7535,69206.0,28043,221735,9.18
270530119983,Hennepin,556,143,2707,10051.0,2949,46567,3.71,8581,135267.0,72378,248546,15.76
270530119984,Hennepin,470,16,6208,26951.0,7982,63888,4.34,9266,182207.0,82064,288682,19.66
270530119985,Hennepin,484,65,7061,36541.0,8966,61204,5.17,10194,226213.0,136504,297682,22.19
270530120011,Hennepin,598,19,2605,3613.0,2605,10286,1.39,10230,52582.0,16162,149695,5.14
270530120012,Hennepin,652,112,2790,13245.0,2790,58910,4.75,7224,101755.0,14167,255169,14.09
270530120013,Hennepin,415,77,34176,42301.0,34176,62107,1.24,42653,123006.0,49563,316860,2.88
270530120014,Hennepin,527,21,2535,20232.0,2535,57759,7.98,40806,103796.0,50794,249499,2.54
270530120015,Hennepin,413,78,1402,26034.0,1402,60960,18.57,42174,107285.0,48740,256873,2.54
270530120016,Hennepin,679,222,4010,5739.0,4010,54188,1.43,7267,81316.0,16511,259635,11.19
270530120031,Hennepin,413,1326,6702,18368.0,6702,72428,2.74,9927,120591.0,24190,305947,12.15
270530120032,Hennepin,465,749,5969,24306.0,10364,75944,4.07,9070,220585.0,51359,354993,24.32
270530120033,Hennepin,373,31,2284,5545.0,2284,53435,2.43,8020,91280.0,23127,303181,11.38
270530120034,Hennepin,354,153,6431,17288.0,7872,54971,2.69,8525,149143.0,50205,256429,17.49
270530120035,Hennepin,470,35,1606,11589.0,2193,39688,7.22,8406,147549.0,54711,264159,17.55
270530120036,Hennepin,475,56,1834,23833.0,6402,77410,13.0,11040,208842.0,84134,336162,18.92
270530121011,Hennepin,432,104,1203,7161.0,1251,10781,5.95,6203,68496.0,12061,194143,11.04
270530121012,Hennepin,503,28,1049,10686.0,5777,42153,10.19,6003,114297.0,17586,255261,19.04
270530121013,Hennepin,485,37,491,4997.0,491,9408,10.18,1963,35512.0,10710,105376,18.09
270530121021,Hennepin,786,342,5481,11496.0,5573,26476,2.1,9061,108605.0,26572,238174,11.99
270530121022,Hennepin,541,21,5756,12190.0,6166,60863,2.12,6410,117880.0,30959,249470,18.39
270530121023,Hennepin,355,9,5139,6960.0,5139,21843,1.35,8509,53732.0,11591,143390,6.31
270530201011,Hennepin,619,444,2107,4203.0,2107,15907,1.99,6620,29062.0,9682,156450,4.39
270530201012,Hennepin,667,33,3088,5842.0,3088,18406,1.89,8626,58905.0,8626,213369,6.83
270530201013,Hennepin,465,29,1947,3221.0,1947,11727,1.65,4048,36793.0,4048,162962,9.09
270530201021,Hennepin,556,293,1931,5586.0,1931,14889,2.89,10238,49898.0,10316,167501,4.87
270530201023,Hennepin,639,904,2180,12410.0,2180,29905,5.69,11334,126196.0,19360,262316,11.13
270530202011,Hennepin,509,24,1946,4050.0,1946,13662,2.08,6432,31351.0,6432,208553,4.87
270530202012,Hennepin,616,2704,4474,5369.0,4474,10283,1.2,9364,20427.0,9364,145694,2.18
270530202013,Hennepin,267,2763,5914,9082.0,6497,17352,1.54,10975,28980.0,13859,76129,2.64
270530202021,Hennepin,432,37,652,652.0,652,652,1.0,1475,34467.0,1475,122426,23.37
270530202022,Hennepin,448,502,3988,6740.0,3988,14126,1.69,8387,103589.0,9104,213473,12.35
270530202023,Hennepin,459,45,926,2892.0,926,10949,3.12,5447,51401.0,5447,163535,9.44
270530202024,Hennepin,401,113,866,24563.0,866,112838,28.36,5359,133408.0,5359,235564,24.89
270530202025,Hennepin,900,514,3941,6771.0,3941,46228,1.72,7982,75342.0,7982,220329,9.44
270530203011,Hennepin,746,1020,4658,4658.0,4658,4658,1.0,7776,9335.0,7776,12336,1.2
270530203012,Hennepin,971,797,3984,5012.0,3984,8329,1.26,8213,17905.0,8588,39457,2.18
270530203021,Hennepin,819,232,2605,3306.0,2605,4884,1.27,6109,12098.0,6683,22446,1.98
270530203022,Hennepin,466,967,2605,3485.0,2605,4884,1.34,6260,12724.0,7001,21217,2.03
270530203031,Hennepin,544,146,1622,6099.0,2867,13156,3.76,7552,48089.0,13729,178726,6.37
270530203032,Hennepin,769,97,825,5363.0,1089,11793,6.5,7146,26394.0,11705,90991,3.69
270530203033,Hennepin,756,54,1501,3158.0,2249,6787,2.1,4207,16344.0,9856,74336,3.88
270530203041,Hennepin,805,264,6668,9326.0,6911,12194,1.4,9823,31422.0,16671,71779,3.2
270530203042,Hennepin,641,981,4148,7688.0,4148,13619,1.85,10600,31966.0,16416,71779,3.02
270530203043,Hennepin,653,250,2906,5685.0,2906,9656,1.96,11665,39062.0,14414,147549,3.35
270530204001,Hennepin,731,335,3014,3784.0,3014,8668,1.26,4915,25545.0,7101,72224,5.2
270530204002,Hennepin,814,278,2614,6001.0,2614,10741,2.3,5162,27218.0,13079,51166,5.27
270530204003,Hennepin,681,643,1755,1770.0,1755,2033,1.01,4464,8899.0,4464,20359,1.99
270530204005,Hennepin,360,662,1996,5091.0,2040,11948,2.55,4432,79768.0,15398,174372,18.0
270530205001,Hennepin,460,46,606,6312.0,606,128785,10.42,4035,48156.0,5111,261734,11.93
270530205002,Hennepin,796,15,3219,7247.0,3219,106284,2.25,6231,51057.0,7898,238282,8.19
270530205003,Hennepin,728,134,3129,4490.0,3129,7568,1.44,6079,22770.0,6456,150248,3.75
270530206001,Hennepin,649,39,3411,6947.0,3411,121669,2.04,7247,35228.0,8024,256221,4.86
270530206002,Hennepin,591,34,3545,6386.0,3545,106743,1.8,9269,36131.0,9293,241313,3.9
270530207001,Hennepin,780,378,1921,4278.0,1921,9907,2.23,2747,19738.0,7374,41272,7.19
270530207002,Hennepin,927,232,999,3638.0,999,9557,3.64,3231,19732.0,8080,40489,6.11
270530207003,Hennepin,712,95,481,537.0,481,1710,1.12,4796,7867.0,4796,16565,1.64
270530208011,Hennepin,676,294,2859,3632.0,2859,9269,1.27,4633,13903.0,4633,33444,3.0
270530208012,Hennepin,657,307,3033,6220.0,3033,22351,2.05,7581,24562.0,7581,48495,3.24
270530208041,Hennepin,656,922,2499,5641.0,2499,11127,2.26,5823,23998.0,5823,44911,4.12
270530208042,Hennepin,594,86,2940,3490.0,2940,8859,1.19,7759,12575.0,7759,26161,1.62
270530208043,Hennepin,385,88,3138,3831.0,3138,9428,1.22,7692,15381.0,7692,90352,2.0
270530209021,Hennepin,479,78,907,3069.0,907,9062,3.38,3925,28749.0,3925,146595,7.32
270530209022,Hennepin,882,176,1139,2038.0,1139,8399,1.79,6936,22918.0,6936,133060,3.3
270530209031,Hennepin,497,132,917,2207.0,917,7175,2.41,6570,19887.0,6570,125480,3.03
270530209032,Hennepin,490,97,993,6253.0,993,83259,6.3,5845,37046.0,5845,189197,6.34
270530209033,Hennepin,835,56,3747,6001.0,3747,14044,1.6,6968,29364.0,6968,168855,4.21
270530210011,Hennepin,500,51,1798,5064.0,1798,6837,2.82,6517,21978.0,7363,81809,3.37
270530210012,Hennepin,684,175,1195,2524.0,1195,6787,2.11,4981,16747.0,4981,83202,3.36
270530210013,Hennepin,589,76,1876,2935.0,1876,7602,1.56,7342,19877.0,7342,86670,2.71
270530210014,Hennepin,751,569,1430,3333.0,1430,16043,2.33,7272,26902.0,7272,182159,3.7
270530210015,Hennepin,783,38,1349,3380.0,1349,15813,2.51,7004,21368.0,7004,158986,3.05
270530210021,Hennepin,331,0,4197,5033.0,4197,8855,1.2,5475,15901.0,5475,75743,2.9
270530210022,Hennepin,386,55,3001,4482.0,3001,9374,1.49,4916,27288.0,4916,161378,5.55
270530210023,Hennepin,340,99,4334,5943.0,4334,10314,1.37,5619,28507.0,5619,162064,5.07
270530211001,Hennepin,383,22,2526,4877.0,2526,10246,1.93,5997,21656.0,10069,133317,3.61
270530211002,Hennepin,730,87,2177,8127.0,2177,111352,3.73,5435,41201.0,9507,200500,7.58
270530212001,Hennepin,443,43,4497,5374.0,4497,6479,1.19,7492,26938.0,9337,87579,3.6
270530212002,Hennepin,442,37,2394,7585.0,2394,12223,3.17,8429,47191.0,12039,149776,5.6
270530212003,Hennepin,609,35,2477,3528.0,2477,7489,1.42,8430,18859.0,12468,41182,2.24
270530212004,Hennepin,506,19,3666,6512.0,3666,13888,1.78,4149,25228.0,11905,99881,6.08
270530212005,Hennepin,531,651,3474,4198.0,3474,11139,1.21,3955,12439.0,4011,26915,3.15
270530213001,Hennepin,763,1243,1661,16401.0,5830,48441,9.87,9025,151940.0,24638,254996,16.84
270530213002,Hennepin,559,40,5779,7349.0,5779,14234,1.27,7255,54966.0,10773,201115,7.58
270530213003,Hennepin,504,5,1829,5075.0,1829,9186,2.77,7324,22546.0,8645,82462,3.08
270530213004,Hennepin,691,162,1870,7679.0,1870,16817,4.11,4482,44230.0,9517,156142,9.87
270530214001,Hennepin,592,4072,4462,10955.0,5904,27589,2.46,8067,120221.0,19131,227208,14.9
270530214002,Hennepin,618,13,4977,7145.0,4977,13873,1.44,7939,73298.0,12403,196044,9.23
270530214003,Hennepin,549,97,4359,9992.0,5801,25660,2.29,6697,108200.0,18344,217312,16.16
270530215011,Hennepin,735,47,2111,4239.0,2111,11562,2.01,5350,19569.0,6683,106594,3.66
270530215012,Hennepin,531,222,3639,6739.0,3639,15038,1.85,10652,21898.0,11574,38177,2.06
270530215013,Hennepin,940,626,4067,7631.0,4067,13334,1.88,10743,29496.0,10743,138636,2.75
270530215021,Hennepin,789,53,3707,7540.0,3707,21071,2.03,9568,28286.0,9568,97925,2.96
270530215022,Hennepin,521,677,4611,7982.0,4611,14514,1.73,14080,30989.0,14080,138182,2.2
270530215023,Hennepin,596,2031,4387,8748.0,4387,21730,1.99,11412,24417.0,14972,54125,2.14
270530215031,Hennepin,538,1115,5089,6633.0,5089,15187,1.3,9998,28395.0,9998,143270,2.84
270530215032,Hennepin,482,695,2945,4432.0,2945,13471,1.5,12816,25273.0,12816,136617,1.97
270530215033,Hennepin,918,1464,4642,5280.0,4642,11809,1.14,7671,22580.0,7671,133562,2.94
270530215035,Hennepin,822,56,5155,5442.0,5155,7376,1.06,11187,14641.0,11187,27736,1.31
270530215041,Hennepin,555,1547,4460,4796.0,4460,6268,1.08,6251,18850.0,6251,124719,3.02
270530215042,Hennepin,468,16,2967,4681.0,2967,17817,1.58,9827,16071.0,9827,43784,1.64
270530215043,Hennepin,450,37,854,854.0,854,854,1.0,5236,5504.0,5236,9350,1.05
270530215044,Hennepin,531,196,3559,4323.0,3559,12822,1.21,5984,13361.0,5984,30798,2.23
270530215051,Hennepin,754,648,3129,3532.0,3129,7832,1.13,5026,10206.0,5026,22449,2.03
270530215052,Hennepin,727,80,334,450.0,334,982,1.35,2365,5047.0,2365,18100,2.13
270530215053,Hennepin,504,14,374,1611.0,374,10312,4.31,3807,10599.0,3807,36275,2.78
270530215054,Hennepin,654,1143,1358,3041.0,1358,12284,2.24,5209,19113.0,5209,156600,3.67
270530216011,Hennepin,639,28,5351,5503.0,5351,11646,1.03,8864,19070.0,8864,161976,2.15
270530216012,Hennepin,689,4974,15164,16571.0,15164,21867,1.09,19363,34972.0,19363,108882,1.81
270530216013,Hennepin,658,135,356,2174.0,356,14891,6.11,8288,16135.0,8288,52528,1.95
270530216014,Hennepin,651,69,5761,6157.0,5761,10108,1.07,11958,16934.0,11958,33880,1.42
270530216021,Hennepin,710,3029,5680,6302.0,5680,9304,1.11,6880,23468.0,6880,142822,3.41
270530216022,Hennepin,515,1574,6679,7669.0,6679,17525,1.15,18524,27904.0,18524,84315,1.51
270530216023,Hennepin,479,55,1733,3590.0,1733,61313,2.07,12107,32784.0,12107,231142,2.71
270530216024,Hennepin,368,76,1733,2249.0,1733,16264,1.3,13437,28707.0,13437,206362,2.14
270530216025,Hennepin,506,2217,3654,4334.0,3654,9949,1.19,6750,19806.0,6750,161896,2.93
270530216026,Hennepin,364,379,2925,3979.0,2925,7992,1.36,8021,26369.0,8021,154684,3.29
270530217001,Hennepin,495,56,920,927.0,920,1054,1.01,2636,7436.0,2636,18680,2.82
270530217002,Hennepin,426,94,4918,5744.0,4918,10360,1.17,6456,38627.0,6500,146866,5.98
270530217003,Hennepin,550,591,591,616.0,591,905,1.04,6619,11884.0,6619,71489,1.8
270530217004,Hennepin,722,148,1203,2264.0,1203,8504,1.88,6928,29059.0,6928,170490,4.19
270530217005,Hennepin,493,29,329,460.0,329,1802,1.4,3136,6608.0,3136,11261,2.11
270530218001,Hennepin,431,5647,6060,15588.0,6060,144961,2.57,16939,56753.0,16939,304717,3.35
270530218002,Hennepin,702,413,1564,4494.0,1564,11985,2.87,23793,44191.0,23793,160240,1.86
270530219001,Hennepin,1024,6129,16280,25370.0,16280,75725,1.56,18848,111917.0,20165,218883,5.94
270530219002,Hennepin,486,269,6398,6398.0,6398,6398,1.0,18998,20982.0,18998,73332,1.1
270530219003,Hennepin,746,8519,10465,13926.0,10465,24760,1.33,23188,42304.0,23188,148669,1.82
270530220001,Hennepin,1009,9882,18166,36832.0,18166,130197,2.03,20478,146380.0,26709,256052,7.15
270530220002,Hennepin,476,373,11761,12219.0,11761,21191,1.04,19230,51205.0,19230,197176,2.66
270530221011,Hennepin,655,638,13018,18414.0,13018,35599,1.41,22133,81848.0,23044,218018,3.7
270530221012,Hennepin,943,1144,1516,3468.0,1516,11463,2.29,19523,35164.0,19523,87876,1.8
270530221021,Hennepin,777,372,1974,11424.0,1974,20764,5.79,22089,55735.0,22089,157082,2.52
270530221022,Hennepin,622,65,1770,7414.0,1770,20959,4.19,14111,38936.0,16411,127080,2.76
270530222001,Hennepin,490,21,221,4667.0,221,23148,21.12,3292,33953.0,3292,191535,10.31
270530222002,Hennepin,414,17,765,815.0,765,1268,1.07,1760,9946.0,1760,21062,5.65
270530222003,Hennepin,542,376,583,3480.0,583,20732,5.97,2487,21186.0,2990,174369,8.52
270530222004,Hennepin,385,27,1941,3741.0,1941,13852,1.93,14780,20420.0,14780,39785,1.38
270530222005,Hennepin,796,3392,5906,12969.0,5906,35782,2.2,27939,63871.0,27939,185229,2.29
270530223011,Hennepin,424,275,1710,5369.0,1710,65365,3.14,3260,37427.0,6003,223926,11.48
270530223012,Hennepin,731,322,1768,4407.0,1768,13614,2.49,5487,26074.0,8929,87773,4.75
270530223021,Hennepin,628,112,1529,8268.0,2055,61006,5.41,6232,57799.0,16795,215801,9.27
270530223022,Hennepin,521,121,2196,4898.0,2196,12408,2.23,7635,33371.0,13202,161236,4.37
270530223023,Hennepin,508,1012,1921,6710.0,2030,18324,3.49,8976,37793.0,16803,162072,4.21
270530224001,Hennepin,433,89,4034,9246.0,4675,50820,2.29,18876,70396.0,29729,205571,3.73
270530224002,Hennepin,370,47,3484,15225.0,7210,69909,4.37,8629,115292.0,23356,264591,13.36
270530224003,Hennepin,541,10,3861,9888.0,4440,23807,2.56,8679,64457.0,20140,193156,7.43
270530224004,Hennepin,833,818,1418,7420.0,1944,21694,5.23,6999,60728.0,18272,198225,8.68
270530227001,Hennepin,650,699,1364,2085.0,1364,3981,1.53,7665,20605.0,10027,134402,2.69
270530227002,Hennepin,499,285,4219,8972.0,4397,55585,2.13,14204,60370.0,24926,201728,4.25
270530227003,Hennepin,872,62,3209,15851.0,6220,124569,4.94,13348,124815.0,31095,269723,9.35
270530228011,Hennepin,614,219,1195,1301.0,1195,3725,1.09,13928,24160.0,13928,158308,1.73
270530228012,Hennepin,445,29,1766,4891.0,1766,42591,2.77,11534,53139.0,18043,183684,4.61
270530228021,Hennepin,769,526,2974,8678.0,3258,17153,2.92,13787,85263.0,28105,212266,6.18
270530228022,Hennepin,377,861,8981,18505.0,10636,62660,2.06,15774,132231.0,32923,285784,8.38
270530228023,Hennepin,781,568,10881,20864.0,12830,30575,1.92,12606,181631.0,51134,292007,14.41
270530229011,Hennepin,463,186,9983,15947.0,9983,32951,1.6,15804,81097.0,17718,218021,5.13
270530229012,Hennepin,467,770,8865,17980.0,8865,39056,2.03,23092,74977.0,25171,238500,3.25
270530229013,Hennepin,969,1512,10553,13342.0,10553,25878,1.26,13087,37676.0,17548,89126,2.88
270530229014,Hennepin,355,281,10210,21366.0,10210,43896,2.09,25349,85845.0,28659,287957,3.39
270530229015,Hennepin,539,4916,10109,16609.0,10109,33872,1.64,23585,50819.0,23585,180284,2.15
270530229021,Hennepin,392,37,8919,10745.0,8919,22081,1.2,23678,72376.0,34776,94676,3.06
270530229022,Hennepin,626,91,6898,10326.0,6898,25064,1.5,22677,54706.0,23403,119717,2.41
270530230001,Hennepin,568,1277,11303,18809.0,11584,27985,1.66,17570,52148.0,29668,130664,2.97
270530230002,Hennepin,703,246,9991,14942.0,9991,26001,1.5,23523,43800.0,25783,116077,1.86
270530230003,Hennepin,857,8106,17372,20350.0,17372,27432,1.17,22505,39925.0,24072,83538,1.77
270530230004,Hennepin,538,418,10935,11459.0,10935,13587,1.05,21811,28809.0,21811,41022,1.32
270530231001,Hennepin,541,137,11482,19930.0,11482,48118,1.74,16488,70982.0,53570,93715,4.31
270530231002,Hennepin,393,185,5473,36804.0,5521,49311,6.72,15687,116165.0,62665,225584,7.41
270530232011,Hennepin,610,252,674,1606.0,674,9956,2.38,7165,10852.0,7165,37002,1.51
270530232012,Hennepin,562,836,1977,3844.0,1977,10169,1.94,12615,29474.0,12615,155725,2.34
270530232021,Hennepin,877,743,4556,6662.0,4556,15506,1.46,12706,29887.0,13866,78254,2.35
270530232022,Hennepin,581,96,4685,7723.0,4685,16123,1.65,17167,43047.0,24843,167064,2.51
270530232023,Hennepin,489,164,4095,6834.0,4095,16624,1.67,7103,32458.0,14325,82717,4.57
270530233001,Hennepin,604,38,5672,8428.0,5672,24419,1.49,11669,34785.0,11669,70065,2.98
270530233002,Hennepin,551,463,7145,13833.0,7145,46471,1.94,8929,40115.0,8929,70443,4.49
270530233003,Hennepin,430,46,6048,7755.0,6048,21762,1.28,11613,33672.0,11613,116158,2.9
270530233004,Hennepin,1111,3561,7826,20247.0,7826,50039,2.59,14351,51241.0,16857,81067,3.57
270530233005,Hennepin,488,476,6769,19560.0,6769,48490,2.89,12057,50223.0,14459,81579,4.17
270530234011,Hennepin,383,2154,7445,11177.0,7445,22383,1.5,13071,33002.0,13331,55222,2.52
270530234012,Hennepin,977,60,8106,13204.0,8106,22350,1.63,24831,36857.0,24831,55222,1.48
270530234013,Hennepin,933,505,6280,12998.0,6280,21661,2.07,11205,36284.0,14650,62533,3.24
270530234021,Hennepin,716,580,5270,10975.0,5270,23024,2.08,18025,40974.0,24905,58996,2.27
270530234022,Hennepin,335,1125,5031,13837.0,5196,27853,2.75,21297,50209.0,27687,89360,2.36
270530235011,Hennepin,533,42,3191,5245.0,3191,40699,1.64,15597,41237.0,15878,77251,2.64
270530235012,Hennepin,366,34,5564,8251.0,5564,18743,1.48,13452,30641.0,14310,49887,2.28
270530235013,Hennepin,341,239,239,239.0,239,239,1.0,3247,3618.0,3247,7007,1.11
270530235014,Hennepin,605,323,2974,10086.0,2974,47210,3.39,7195,44256.0,7637,161308,6.15
270530235021,Hennepin,377,120,2172,2172.0,2172,2172,1.0,3706,6459.0,3706,41513,1.74
270530235022,Hennepin,380,46,340,340.0,340,340,1.0,2622,2622.0,2622,2622,1.0
270530235023,Hennepin,753,689,689,689.0,689,689,1.0,4897,4897.0,4897,4897,1.0
270530235024,Hennepin,580,652,1141,1141.0,1141,1141,1.0,16410,17686.0,16410,21475,1.08
270530235025,Hennepin,759,443,1095,1095.0,1095,1095,1.0,15381,17140.0,15381,22638,1.11
270530236001,Hennepin,699,1742,5533,28277.0,5533,49018,5.11,10055,72781.0,52162,167075,7.24
270530236002,Hennepin,434,934,5261,7335.0,5261,40466,1.39,13925,52392.0,15209,76073,3.76
270530236003,Hennepin,504,777,5364,36232.0,5364,48902,6.75,9135,71299.0,50732,164180,7.81
270530237001,Hennepin,485,521,3764,3764.0,3764,3764,1.0,4484,6528.0,4484,41992,1.46
270530237002,Hennepin,814,273,1085,1085.0,1085,1085,1.0,3812,4282.0,3812,8432,1.12
270530237003,Hennepin,348,1034,3421,4772.0,3421,40579,1.39,4163,26257.0,4163,67530,6.31
270530237004,Hennepin,718,174,613,613.0,613,613,1.0,3157,3157.0,3157,3157,1.0
270530238011,Hennepin,545,247,3752,36463.0,3752,43736,9.72,39223,58727.0,46413,78675,1.5
270530238012,Hennepin,607,54,34364,39055.0,34364,43581,1.14,40171,56141.0,44294,83988,1.4
270530238013,Hennepin,456,66,32495,33433.0,32495,36662,1.03,39237,45558.0,41122,55201,1.16
270530238014,Hennepin,389,621,1046,5800.0,1046,32742,5.55,38167,45721.0,39217,51368,1.2
270530238015,Hennepin,505,58,1999,4376.0,1999,33695,2.19,39017,45866.0,39625,50291,1.18
270530238021,Hennepin,678,54,33093,47824.0,38486,69318,1.45,45186,106454.0,65659,241958,2.36
270530238022,Hennepin,435,56,38054,39947.0,38054,51177,1.05,42631,75212.0,49991,183566,1.76
270530238023,Hennepin,450,19,2512,40306.0,2589,61204,16.05,41147,94257.0,55395,241958,2.29
270530239011,Hennepin,378,535,893,893.0,893,893,1.0,1125,1125.0,1125,1125,1.0
270530239012,Hennepin,530,37,951,1330.0,951,12327,1.4,13830,15419.0,13830,30376,1.11
270530239013,Hennepin,487,17,390,390.0,390,390,1.0,3516,3516.0,3516,3516,1.0
270530239014,Hennepin,459,33,80,80.0,80,80,1.0,15002,15309.0,15002,16301,1.02
270530239021,Hennepin,420,1492,2027,2027.0,2027,2027,1.0,2370,2370.0,2370,2370,1.0
270530239022,Hennepin,576,258,258,258.0,258,258,1.0,2285,2285.0,2285,2285,1.0
270530239031,Hennepin,339,48,620,620.0,620,620,1.0,15216,15701.0,15216,24211,1.03
270530239032,Hennepin,504,8,11469,12387.0,11469,21763,1.08,15006,30122.0,15006,58313,2.01
270530239033,Hennepin,627,11376,14408,17641.0,14408,32252,1.22,14943,39603.0,21872,71048,2.65
270530240031,Hennepin,867,459,5515,6274.0,5515,9682,1.14,67531,71972.0,67531,89181,1.07
270530240032,Hennepin,1010,2721,14894,29684.0,14894,78748,1.99,38392,86974.0,42787,181543,2.27
270530240033,Hennepin,419,2305,10061,33722.0,10061,79983,3.35,63213,110424.0,76653,232661,1.75
270530240041,Hennepin,634,2474,11801,31703.0,11801,81978,2.69,64097,113293.0,70077,215564,1.77
270530240042,Hennepin,639,662,21072,56167.0,21072,95060,2.67,70484,157060.0,99722,305190,2.23
270530240043,Hennepin,415,3914,30565,57457.0,30565,90590,1.88,40522,165233.0,99693,314495,4.08
270530240051,Hennepin,1079,4167,43028,68281.0,47959,129970,1.59,48060,234268.0,107090,374532,4.87
270530240052,Hennepin,514,31696,39418,58271.0,39418,182486,1.48,43847,152036.0,64467,396975,3.47
270530240061,Hennepin,500,30,2262,2262.0,2262,2262,1.0,54643,58421.0,54643,71269,1.07
270530240062,Hennepin,467,1740,38268,39471.0,38268,43391,1.03,43903,67553.0,49024,124976,1.54
270530241001,Hennepin,436,124,38327,67063.0,45259,135910,1.75,52888,270161.0,92048,385161,5.11
270530241002,Hennepin,683,1034,39869,55054.0,40992,75019,1.38,44475,180782.0,85919,328183,4.06
270530241003,Hennepin,504,129,2464,34468.0,7609,62765,13.99,43438,187829.0,60579,317666,4.32
270530241004,Hennepin,499,449,2464,49383.0,14987,70170,20.04,45248,224785.0,70423,342717,4.97
270530242001,Hennepin,958,99,2072,24660.0,5333,59678,11.9,56226,139732.0,73376,249003,2.49
270530242002,Hennepin,838,167,43196,54259.0,43828,70723,1.26,52928,135225.0,77400,245393,2.55
270530243001,Hennepin,693,5444,9358,36882.0,11262,96542,3.94,31065,241221.0,135440,331078,7.77
270530243002,Hennepin,944,55,20702,41465.0,21893,96542,2.0,36731,171762.0,66315,301664,4.68
270530243003,Hennepin,470,70,14572,32989.0,15005,86084,2.26,65860,133340.0,85152,239945,2.02
270530244001,Hennepin,782,2037,6359,33067.0,8213,70067,5.2,8022,164543.0,81586,294351,20.51
270530244002,Hennepin,521,273,4627,43689.0,8501,69753,9.44,9431,267760.0,151906,356696,28.39
270530244003,Hennepin,571,951,5362,44431.0,10476,72180,8.29,9603,212799.0,106276,334113,22.16
270530245001,Hennepin,498,40,4531,15687.0,4531,43750,3.46,13619,136089.0,35267,269686,9.99
270530245002,Hennepin,446,408,7632,12833.0,7632,24697,1.68,13602,82656.0,28492,194465,6.08
270530245003,Hennepin,345,13,5173,11759.0,6342,24717,2.27,8561,96631.0,36359,155956,11.29
270530246001,Hennepin,453,636,9681,25456.0,10138,59647,2.63,15585,115354.0,48639,236568,7.4
270530246002,Hennepin,942,444,8228,19296.0,8228,56037,2.35,19611,93044.0,35092,186948,4.74
270530246004,Hennepin,749,279,12021,25645.0,13237,54749,2.13,21284,133502.0,38674,222925,6.27
270530247001,Hennepin,511,39,4751,33079.0,12503,77385,6.96,10525,167184.0,93951,308999,15.88
270530247002,Hennepin,522,297,4235,27842.0,9155,67032,6.57,11629,147443.0,92490,287868,12.68
270530247003,Hennepin,435,47,3549,24181.0,8569,57116,6.81,9428,127460.0,84327,282618,13.52
270530247004,Hennepin,422,17,6038,31013.0,11793,64244,5.14,9505,156948.0,91164,303757,16.51
270530248011,Hennepin,764,218,3159,17538.0,7205,38320,5.55,14676,118076.0,54683,198861,8.05
270530248012,Hennepin,611,86,3070,20251.0,7750,48014,6.6,12392,131289.0,59105,245455,10.59
270530248021,Hennepin,395,26,6224,29196.0,11518,64382,4.69,11389,123044.0,54286,238713,10.8
270530248022,Hennepin,553,405,7956,41308.0,18575,90361,5.19,19524,165261.0,89172,295846,8.46
270530248023,Hennepin,340,26,6810,23387.0,11053,51207,3.43,17590,127242.0,55201,238152,7.23
270530249031,Hennepin,531,139,3977,26872.0,8223,48416,6.76,11362,123721.0,83114,217266,10.89
270530249032,Hennepin,526,384,6090,42192.0,13359,94748,6.93,18181,149572.0,95226,232420,8.23
270530249041,Hennepin,984,1772,3563,50724.0,12055,87915,14.24,8116,173929.0,89725,341984,21.43
270530249042,Hennepin,630,71,3723,43744.0,10987,84280,11.75,9732,149273.0,85714,328941,15.34
270530249043,Hennepin,590,963,2944,22542.0,7983,55154,7.66,6370,143652.0,80718,277963,22.55
270530251001,Hennepin,11,2341,21737,25538.0,21737,30924,1.17,26832,77420.0,43257,131156,2.89
270530251002,Hennepin,15,4938,26448,39792.0,30916,52383,1.5,30053,143226.0,85853,235572,4.77
270530251003,Hennepin,1143,2411,7910,20167.0,7910,32143,2.55,28276,61725.0,34665,115414,2.18
270530251004,Hennepin,873,14458,21737,28998.0,21737,37609,1.33,25033,109154.0,48567,188559,4.36
270530252011,Hennepin,619,46,7555,19206.0,7694,35060,2.54,17166,70539.0,45365,121346,4.11
270530252012,Hennepin,9,885,10759,35374.0,20524,53013,3.29,32520,128833.0,90620,171850,3.96
270530252013,Hennepin,13,1367,7698,46855.0,19439,69858,6.09,19855,172394.0,91165,263617,8.68
270530252014,Hennepin,569,8,4506,14564.0,4911,34728,3.23,13345,67682.0,45531,117409,5.07
270530252015,Hennepin,716,1415,10475,41108.0,19716,61882,3.92,31813,142548.0,79987,222603,4.48
270530252016,Hennepin,462,1154,6940,28772.0,12781,51774,4.15,22688,119659.0,63597,174984,5.27
270530252051,Hennepin,555,263,751,8520.0,751,33107,11.34,5657,41838.0,10221,97080,7.4
270530252052,Hennepin,582,20,553,7249.0,553,28105,13.11,1993,39735.0,1993,85997,19.94
270530252053,Hennepin,397,88,842,962.0,842,1650,1.14,7987,24755.0,9156,47229,3.1
270530252054,Hennepin,467,252,4500,12206.0,4500,28187,2.71,13310,51036.0,18305,81808,3.83
270530252055,Hennepin,597,17,2031,9234.0,2031,26179,4.55,14805,47740.0,18866,113029,3.22
270530253011,Hennepin,359,40,238,5633.0,238,27013,23.67,881,34379.0,881,83539,39.02
270530253012,Hennepin,587,58,238,4216.0,238,26701,17.71,1115,28382.0,1115,81808,25.45
270530253013,Hennepin,511,1229,3355,3922.0,3355,9619,1.17,4677,13286.0,4677,48555,2.84
270530253021,Hennepin,673,32,448,4532.0,448,26719,10.12,1476,34602.0,4233,79214,23.44
270530253022,Hennepin,469,18,1980,2820.0,1980,7648,1.42,4629,21003.0,5325,48507,4.54
270530253023,Hennepin,670,420,7120,18257.0,9743,46312,2.56,16999,95689.0,45947,236324,5.63
270530253024,Hennepin,372,47,1263,9872.0,1263,26719,7.82,12722,62183.0,26049,142829,4.89
270530254011,Hennepin,722,381,6532,21927.0,7168,53409,3.36,12596,81824.0,34822,192958,6.5
270530254012,Hennepin,882,247,6049,18914.0,7133,47473,3.13,18210,79167.0,43857,133166,4.35
270530254014,Hennepin,497,427,9397,21739.0,9397,45223,2.31,15874,94272.0,57160,165097,5.94
270530254031,Hennepin,571,65,6166,8787.0,6166,17601,1.43,7648,38153.0,13947,82376,4.99
270530254032,Hennepin,455,57,583,5998.0,583,26766,10.29,7467,46835.0,20043,85997,6.27
270530254033,Hennepin,527,176,6600,15997.0,6600,32547,2.42,14127,72476.0,35652,192765,5.13
270530254034,Hennepin,399,432,6473,15215.0,6893,49224,2.35,14780,70926.0,19391,192773,4.8
270530256011,Hennepin,663,2088,12923,17717.0,12923,29286,1.37,18156,41245.0,22096,97547,2.27
270530256012,Hennepin,2,433,12692,46818.0,28754,109520,3.69,27717,298435.0,173643,381396,10.77
270530256013,Hennepin,753,1631,13533,25835.0,14265,39560,1.91,23939,167086.0,66040,278691,6.98
270530256031,Hennepin,462,966,982,6973.0,982,19813,7.1,22768,39234.0,26264,90131,1.72
270530256032,Hennepin,520,16,1033,4006.0,1033,49101,3.88,10405,43482.0,12155,121091,4.18
270530256033,Hennepin,516,1563,15511,26103.0,17364,36969,1.68,24952,91839.0,52004,196328,3.68
270530256034,Hennepin,568,5403,8003,13733.0,8003,66161,1.72,30984,79442.0,39101,143903,2.56
270530256051,Hennepin,893,5954,12926,20717.0,12926,38660,1.6,18380,59371.0,18380,122401,3.23
270530256052,Hennepin,570,43,7023,11482.0,7023,26664,1.63,13084,48553.0,13084,110448,3.71
270530256053,Hennepin,560,51,110,5020.0,110,48178,45.63,20004,50537.0,21172,103499,2.53
270530257021,Hennepin,307,39,1143,2350.0,1143,7543,2.06,1884,25313.0,7416,101199,13.44
270530257022,Hennepin,279,40,132,3004.0,132,11488,22.76,9450,29917.0,9870,76224,3.17
270530257023,Hennepin,436,51,7920,16907.0,7961,30349,2.13,13510,52756.0,22749,118526,3.9
270530257024,Hennepin,332,4775,7444,16668.0,7870,35003,2.24,10662,87833.0,25604,235522,8.24
270530257025,Hennepin,465,6,1075,2295.0,1075,6844,2.13,2315,25269.0,2315,100155,10.92
270530257026,Hennepin,449,35,4946,10389.0,4946,24464,2.1,9355,52687.0,17587,106609,5.63
270530257031,Hennepin,374,42,1596,1904.0,1596,2945,1.19,3483,22018.0,3483,98609,6.32
270530257032,Hennepin,763,642,1578,1656.0,1578,2859,1.05,1602,10794.0,1602,67760,6.74
270530257041,Hennepin,531,106,1624,3481.0,1624,8781,2.14,3936,22855.0,3936,98140,5.81
270530257042,Hennepin,475,38,1576,4486.0,1576,10463,2.85,4572,27923.0,10222,92038,6.11
270530257043,Hennepin,705,490,1060,1917.0,1060,8281,1.81,4258,16765.0,9403,37924,3.94
270530257044,Hennepin,583,102,2214,6077.0,2214,23054,2.75,2766,34551.0,2766,100155,12.49
270530258011,Hennepin,606,455,7362,8806.0,7362,15424,1.2,11687,43156.0,22819,81069,3.69
270530258012,Hennepin,490,2061,3414,4926.0,3414,11557,1.44,4380,18947.0,4380,61862,4.33
270530258013,Hennepin,767,36,3781,4702.0,3781,10152,1.24,9240,17815.0,9240,51632,1.93
270530258021,Hennepin,708,88,2290,3812.0,2290,8987,1.66,4428,14794.0,4428,40064,3.34
270530258022,Hennepin,636,73,1016,2360.0,1016,7453,2.32,3285,15654.0,3285,80740,4.77
270530258031,Hennepin,344,75,1108,5940.0,1108,20037,5.36,3433,35260.0,9191,119343,10.27
270530258032,Hennepin,737,68,1173,5245.0,1173,56449,4.47,1364,34403.0,1364,136948,25.22
270530258033,Hennepin,572,712,1483,5505.0,1483,16708,3.71,3805,34510.0,9827,119343,9.07
270530258051,Hennepin,481,560,588,588.0,588,588,1.0,1481,2221.0,1481,8145,1.5
270530258052,Hennepin,483,12,883,914.0,883,1563,1.03,1699,6096.0,1699,22634,3.59
270530258053,Hennepin,538,16,626,1486.0,626,7843,2.37,3591,9693.0,3591,36694,2.7
270530259051,Hennepin,676,1640,1687,1687.0,1687,1687,1.0,1733,1733.0,1733,1733,1.0
270530259052,Hennepin,477,47,47,47.0,47,47,1.0,8662,9550.0,8662,21337,1.1
270530259053,Hennepin,396,46,46,46.0,46,46,1.0,1323,1323.0,1323,1323,1.0
270530259061,Hennepin,717,1230,4704,4704.0,4704,4704,1.0,6770,6770.0,6770,6770,1.0
270530259062,Hennepin,600,65,428,428.0,428,428,1.0,5044,5044.0,5044,5044,1.0
270530259063,Hennepin,601,56,150,150.0,150,150,1.0,1507,1507.0,1507,1507,1.0
270530259064,Hennepin,709,62,281,281.0,281,281,1.0,1941,1941.0,1941,1941,1.0
270530259065,Hennepin,418,94,150,150.0,150,150,1.0,2196,2196.0,2196,2196,1.0
270530259071,Hennepin,814,147,3409,3409.0,3409,3409,1.0,4900,4900.0,4900,4900,1.0
270530259072,Hennepin,820,3108,3108,3108.0,3108,3108,1.0,5517,5517.0,5517,5517,1.0
270530259073,Hennepin,927,154,522,522.0,522,522,1.0,1113,1113.0,1113,1113,1.0
270530259082,Hennepin,1097,6929,6929,6929.0,6929,6929,1.0,7632,18010.0,7632,48770,2.36
270530259083,Hennepin,506,18,2082,2209.0,2082,3431,1.06,3504,7212.0,3504,17504,2.06
270530259084,Hennepin,515,302,2082,2302.0,2082,3431,1.11,4226,8433.0,4226,17356,2.0
270530259091,Hennepin,487,1364,1940,1940.0,1940,1940,1.0,2446,3245.0,2446,9663,1.33
270530259092,Hennepin,545,456,2042,4029.0,2042,10142,1.97,7498,22708.0,8232,82184,3.03
270530259093,Hennepin,603,184,2042,2042.0,2042,2042,1.0,5976,7786.0,5976,13268,1.3
270530260051,Hennepin,529,499,1301,1301.0,1301,1301,1.0,1916,1916.0,1916,1916,1.0
270530260052,Hennepin,465,29,894,894.0,894,894,1.0,1655,1655.0,1655,1655,1.0
270530260053,Hennepin,631,53,232,232.0,232,232,1.0,2552,2552.0,2552,2552,1.0
270530260054,Hennepin,477,179,232,232.0,232,232,1.0,1249,1249.0,1249,1249,1.0
270530260061,Hennepin,360,72,488,488.0,488,488,1.0,5679,5679.0,5679,5679,1.0
270530260062,Hennepin,505,908,1556,1556.0,1556,1556,1.0,11046,11046.0,11046,11046,1.0
270530260063,Hennepin,328,865,5894,5894.0,5894,5894,1.0,10493,10493.0,10493,10493,1.0
270530260064,Hennepin,419,80,384,384.0,384,384,1.0,6224,6224.0,6224,6224,1.0
270530260071,Hennepin,571,416,488,488.0,488,488,1.0,14980,14980.0,14980,14980,1.0
270530260072,Hennepin,777,12073,12073,12073.0,12073,12073,1.0,23948,23948.0,23948,23948,1.0
270530260073,Hennepin,827,4067,4139,4139.0,4139,4139,1.0,20615,20615.0,20615,20615,1.0
270530260074,Hennepin,293,6598,6598,7616.0,6598,19747,1.15,25024,27206.0,25024,34475,1.09
270530260076,Hennepin,12,5277,5277,5570.0,5277,8474,1.06,23948,24555.0,23948,36221,1.03
270530260131,Hennepin,639,23,243,243.0,243,243,1.0,741,741.0,741,741,1.0
270530260132,Hennepin,652,97,201,201.0,201,201,1.0,1066,1066.0,1066,1066,1.0
270530260133,Hennepin,332,29,29,29.0,29,29,1.0,570,570.0,570,570,1.0
270530260134,Hennepin,788,69,192,192.0,192,192,1.0,759,759.0,759,759,1.0
270530260141,Hennepin,742,63,186,186.0,186,186,1.0,7190,7190.0,7190,7190,1.0
270530260143,Hennepin,499,366,541,541.0,541,541,1.0,1579,1579.0,1579,1579,1.0
270530260144,Hennepin,559,123,575,575.0,575,575,1.0,4535,4535.0,4535,4535,1.0
270530260145,Hennepin,905,407,896,896.0,896,896,1.0,4981,4981.0,4981,4981,1.0
270530260151,Hennepin,390,600,600,600.0,600,600,1.0,600,600.0,600,600,1.0
270530260152,Hennepin,611,51,67,67.0,67,67,1.0,4376,4376.0,4376,4376,1.0
270530260153,Hennepin,565,4005,4962,4962.0,4962,4962,1.0,6131,6131.0,6131,6131,1.0
270530260154,Hennepin,638,16,1342,1342.0,1342,1342,1.0,8869,8869.0,8869,8869,1.0
270530260155,Hennepin,590,279,1561,1561.0,1561,1561,1.0,4599,4599.0,4599,4599,1.0
270530260191,Hennepin,504,13171,16433,16433.0,16433,16433,1.0,21884,21884.0,21884,21884,1.0
270530260192,Hennepin,662,106,3058,3058.0,3058,3058,1.0,7532,7532.0,7532,7532,1.0
270530260193,Hennepin,756,1054,17923,17923.0,17923,17923,1.0,23689,26450.0,23689,68946,1.12
270530260194,Hennepin,650,890,1291,1291.0,1291,1291,1.0,8004,8004.0,8004,8004,1.0
270530260201,Hennepin,716,494,3862,3862.0,3862,3862,1.0,9118,9155.0,9118,10008,1.0
270530260202,Hennepin,923,295,4362,4362.0,4362,4362,1.0,7730,7737.0,7730,8620,1.0
270530260203,Hennepin,11,2208,20460,20460.0,20460,20460,1.0,32974,32974.0,32974,32974,1.0
270530260204,Hennepin,454,3533,6076,6076.0,6076,6076,1.0,7624,7624.0,7624,7624,1.0
270530260211,Hennepin,662,150,263,263.0,263,263,1.0,3648,3648.0,3648,3648,1.0
270530260212,Hennepin,719,113,113,113.0,113,113,1.0,4347,4347.0,4347,4347,1.0
270530260213,Hennepin,673,287,287,287.0,287,287,1.0,1331,1331.0,1331,1331,1.0
270530260231,Hennepin,873,40,3868,3868.0,3868,3868,1.0,9524,9524.0,9524,9524,1.0
270530260232,Hennepin,428,1109,1494,1494.0,1494,1494,1.0,4383,4383.0,4383,4383,1.0
270530260233,Hennepin,610,685,2394,2394.0,2394,2394,1.0,4478,4478.0,4478,4478,1.0
270530260241,Hennepin,1232,402,535,535.0,535,535,1.0,646,646.0,646,646,1.0
270530260242,Hennepin,609,111,111,111.0,111,111,1.0,1371,1371.0,1371,1371,1.0
270530260251,Hennepin,649,25,182,182.0,182,182,1.0,4783,4783.0,4783,4783,1.0
270530260252,Hennepin,815,157,477,477.0,477,477,1.0,590,590.0,590,590,1.0
270530260261,Hennepin,334,15,15,15.0,15,15,1.0,240,240.0,240,240,1.0
270530260262,Hennepin,612,75,302,302.0,302,302,1.0,492,492.0,492,492,1.0
270530260263,Hennepin,815,70,487,487.0,487,487,1.0,512,512.0,512,512,1.0
270530260264,Hennepin,599,185,255,255.0,255,255,1.0,3781,3781.0,3781,3781,1.0
270530260271,Hennepin,1087,133,535,535.0,535,535,1.0,1066,1066.0,1066,1066,1.0
270530260272,Hennepin,1015,45,139,139.0,139,139,1.0,272,272.0,272,272,1.0
270530260281,Hennepin,783,3369,3369,3369.0,3369,3369,1.0,3554,3554.0,3554,3554,1.0
270530260282,Hennepin,916,94,139,139.0,139,139,1.0,824,824.0,824,824,1.0
270530261011,Hennepin,800,376,1137,1186.0,1137,1640,1.04,6834,7673.0,6834,21976,1.12
270530261012,Hennepin,536,168,1069,1069.0,1069,1069,1.0,2075,2091.0,2075,2551,1.01
270530261013,Hennepin,345,121,2236,2236.0,2236,2236,1.0,2461,2461.0,2461,2461,1.0
270530261031,Hennepin,931,1933,1933,1933.0,1933,1933,1.0,8959,9195.0,8959,11904,1.03
270530261032,Hennepin,639,780,1411,1411.0,1411,1411,1.0,7548,9188.0,7548,24553,1.22
270530261041,Hennepin,974,13149,14791,15522.0,14791,19943,1.05,24034,29219.0,24034,44922,1.22
270530261042,Hennepin,955,1137,15503,17323.0,15503,22195,1.12,28948,35420.0,28948,53086,1.22
270530261043,Hennepin,738,9338,9338,14518.0,9338,27690,1.55,32155,36104.0,32155,43489,1.12
270530262011,Hennepin,624,655,655,655.0,655,655,1.0,2860,2860.0,2860,2860,1.0
270530262012,Hennepin,989,683,683,683.0,683,683,1.0,3008,3008.0,3008,3008,1.0
270530262021,Hennepin,683,670,1732,1732.0,1732,1732,1.0,2545,2545.0,2545,2545,1.0
270530262022,Hennepin,757,1062,1062,1062.0,1062,1062,1.0,3221,3221.0,3221,3221,1.0
270530262051,Hennepin,473,52,65,65.0,65,65,1.0,88,88.0,88,88,1.0
270530262052,Hennepin,533,13,88,88.0,88,88,1.0,1784,1784.0,1784,1784,1.0
270530262053,Hennepin,567,976,989,989.0,989,989,1.0,3088,3088.0,3088,3088,1.0
270530262061,Hennepin,450,110,1357,1357.0,1357,1357,1.0,1357,1357.0,1357,1357,1.0
270530262062,Hennepin,571,430,818,818.0,818,818,1.0,2660,2660.0,2660,2660,1.0
270530262063,Hennepin,430,37,577,577.0,577,577,1.0,1903,1903.0,1903,1903,1.0
270530262071,Hennepin,886,657,777,777.0,777,777,1.0,1845,1845.0,1845,1845,1.0
270530262072,Hennepin,1045,684,706,706.0,706,706,1.0,1584,1584.0,1584,1584,1.0
270530262081,Hennepin,508,1746,2417,2417.0,2417,2417,1.0,3344,3344.0,3344,3344,1.0
270530262082,Hennepin,431,23,23,23.0,23,23,1.0,1403,1403.0,1403,1403,1.0
270530262083,Hennepin,593,241,293,293.0,293,293,1.0,939,939.0,939,939,1.0
270530263011,Hennepin,651,5952,6810,6963.0,6810,9863,1.02,9593,13684.0,9593,35847,1.43
270530263012,Hennepin,367,164,164,164.0,164,164,1.0,1016,1016.0,1016,1016,1.0
270530263013,Hennepin,692,241,241,241.0,241,241,1.0,6812,8946.0,6812,24654,1.31
270530263021,Hennepin,530,375,1117,1117.0,1117,1117,1.0,2476,2476.0,2476,2476,1.0
270530263022,Hennepin,417,225,1211,1211.0,1211,1211,1.0,2943,2943.0,2943,2943,1.0
270530263023,Hennepin,601,611,1211,1211.0,1211,1211,1.0,2018,2018.0,2018,2018,1.0
270530264031,Hennepin,619,2040,2770,2770.0,2770,2770,1.0,6522,8501.0,6522,20338,1.3
270530264032,Hennepin,274,112,4503,6150.0,4503,18319,1.37,9800,52764.0,9800,163090,5.38
270530264033,Hennepin,648,618,2351,2490.0,2351,4503,1.06,6522,11421.0,6522,30829,1.75
270530264041,Hennepin,337,497,1552,1618.0,1552,2711,1.04,1623,7023.0,1623,33314,4.33
270530264042,Hennepin,968,1733,1733,1733.0,1733,1733,1.0,2733,2750.0,2733,3361,1.01
270530264043,Hennepin,807,1414,2181,2181.0,2181,2181,1.0,4652,5990.0,4652,19198,1.29
270530264044,Hennepin,367,767,2181,2181.0,2181,2181,1.0,2422,3194.0,2422,11875,1.32
270530264051,Hennepin,342,9,1126,2936.0,1126,20001,2.61,6423,24090.0,6423,174369,3.75
270530264052,Hennepin,517,1905,1932,8107.0,1932,25362,4.2,9770,49415.0,9770,165968,5.06
270530264053,Hennepin,434,552,1064,2176.0,1064,11158,2.04,1126,13513.0,1126,151178,12.0
270530264061,Hennepin,635,62,1173,1266.0,1173,3101,1.08,2621,7166.0,2621,71284,2.73
270530264062,Hennepin,834,503,1064,8264.0,1064,69653,7.77,1816,42673.0,1816,224635,23.5
270530264063,Hennepin,709,14,44,483.0,44,11046,10.99,1126,5363.0,1126,25753,4.76
270530265051,Hennepin,781,112,7038,7382.0,7038,13900,1.05,15174,19890.0,15174,129219,1.31
270530265052,Hennepin,518,44,6926,6930.0,6926,7057,1.0,13900,20673.0,13900,117687,1.49
270530265053,Hennepin,630,19,19,32.0,19,713,1.71,8925,16305.0,8925,112712,1.83
270530265071,Hennepin,774,2019,2019,2475.0,2019,8862,1.23,14493,17154.0,14493,25968,1.18
270530265072,Hennepin,657,6003,7126,8636.0,7126,16121,1.21,11273,34936.0,11273,166931,3.1
270530265073,Hennepin,808,582,11882,16927.0,11882,30283,1.42,25402,52714.0,25402,165340,2.08
270530265074,Hennepin,416,2335,7124,7124.0,7124,7124,1.0,10058,13292.0,10058,22427,1.32
270530265081,Hennepin,861,4311,4311,4311.0,4311,4311,1.0,8571,8586.0,8571,8652,1.0
270530265082,Hennepin,731,165,165,485.0,165,2680,2.94,3025,4345.0,3025,10438,1.44
270530265083,Hennepin,824,831,831,887.0,831,1145,1.07,2693,3780.0,2693,7728,1.4
270530265091,Hennepin,1170,1254,1295,1295.0,1295,1295,1.0,2386,2974.0,2386,9349,1.25
270530265092,Hennepin,845,68,355,910.0,355,2717,2.56,3132,4147.0,3132,9487,1.32
270530265093,Hennepin,403,41,229,229.0,229,229,1.0,4146,4206.0,4146,5277,1.01
270530265101,Hennepin,650,2007,3182,3184.0,3182,3224,1.0,4352,5606.0,4352,19148,1.29
270530265102,Hennepin,598,24,2112,2159.0,2112,2443,1.02,4391,5509.0,4391,16261,1.25
270530265103,Hennepin,675,81,2512,2639.0,2512,3643,1.05,2785,5516.0,2785,21069,1.98
270530265111,Hennepin,571,16,814,814.0,814,814,1.0,1133,1152.0,1133,2248,1.02
270530265112,Hennepin,609,42,814,814.0,814,814,1.0,3314,3953.0,3314,8145,1.19
270530265113,Hennepin,720,252,992,992.0,992,992,1.0,3245,4007.0,3245,10964,1.23
270530265142,Hennepin,21,6843,13769,18343.0,13769,25244,1.33,20975,26894.0,20975,32135,1.28
270530265143,Hennepin,523,3180,4333,6122.0,4333,18402,1.41,6947,15245.0,6947,41828,2.19
270530265144,Hennepin,1118,6882,9623,9715.0,9623,15149,1.01,13914,18734.0,13914,25779,1.35
270530265145,Hennepin,943,1661,4841,4864.0,4841,5536,1.0,13843,13906.0,13843,14216,1.0
270530265151,Hennepin,543,39,628,628.0,628,628,1.0,4135,4759.0,4135,13968,1.15
270530265152,Hennepin,583,215,254,254.0,254,254,1.0,2571,2915.0,2571,9453,1.13
270530265161,Hennepin,330,467,720,720.0,720,720,1.0,1202,1202.0,1202,1202,1.0
270530265162,Hennepin,699,30,654,665.0,654,1302,1.02,1654,2469.0,1654,9355,1.49
270530265163,Hennepin,425,8,654,686.0,654,1302,1.05,1906,3093.0,1906,11882,1.62
270530265164,Hennepin,519,541,541,541.0,541,541,1.0,541,541.0,541,541,1.0
270530266051,Hennepin,976,224,1480,1480.0,1480,1480,1.0,1532,1594.0,1532,2974,1.04
270530266052,Hennepin,1229,1202,1684,1875.0,1684,3232,1.11,2732,3685.0,2732,9156,1.35
270530266061,Hennepin,574,54,278,334.0,278,778,1.2,1827,1925.0,1827,2106,1.05
270530266062,Hennepin,1050,205,205,205.0,205,205,1.0,1745,2101.0,1745,3523,1.2
270530266063,Hennepin,784,191,349,382.0,349,628,1.09,931,1130.0,931,4040,1.21
270530266091,Hennepin,689,239,295,295.0,295,295,1.0,7356,7797.0,7356,12375,1.06
270530266092,Hennepin,458,619,619,619.0,619,619,1.0,16279,19302.0,16279,26824,1.19
270530266093,Hennepin,421,193,14499,16607.0,14499,19316,1.15,15384,21535.0,18564,27083,1.4
270530266101,Hennepin,676,52,106,200.0,106,606,1.88,2796,3036.0,2796,6128,1.09
270530266102,Hennepin,523,104,369,415.0,369,574,1.12,707,1139.0,707,3816,1.61
270530266103,Hennepin,287,56,337,610.0,337,5356,1.81,2574,4863.0,2574,7596,1.89
270530266104,Hennepin,539,74,709,709.0,709,709,1.0,3922,3922.0,3922,3922,1.0
270530266111,Hennepin,631,695,3954,3954.0,3954,3954,1.0,7128,7130.0,7128,7182,1.0
270530266112,Hennepin,470,27,229,229.0,229,229,1.0,3717,5433.0,3717,7839,1.46
270530266113,Hennepin,586,42,2157,3623.0,2157,6974,1.68,11901,13129.0,11901,19686,1.1
270530266114,Hennepin,749,1839,11502,11690.0,11502,12444,1.02,14317,14657.0,14317,15657,1.02
270530266141,Hennepin,440,343,343,343.0,343,343,1.0,1188,2012.0,1188,8114,1.69
270530266142,Hennepin,779,73,918,992.0,918,8143,1.08,1261,2740.0,1261,9441,2.17
270530266143,Hennepin,708,138,211,618.0,211,2215,2.93,3864,8198.0,3864,20304,2.12
270530266151,Hennepin,1618,707,707,1522.0,707,8114,2.15,2057,4681.0,2057,22199,2.28
270530266152,Hennepin,721,100,170,170.0,170,170,1.0,6449,6470.0,6449,6941,1.0
270530266153,Hennepin,1670,349,447,447.0,447,447,1.0,617,617.0,617,617,1.0
270530266161,Hennepin,872,170,428,467.0,428,1370,1.09,428,2007.0,428,13926,4.69
270530266162,Hennepin,1265,797,797,797.0,797,797,1.0,867,906.0,867,1125,1.04
270530266163,Hennepin,1621,98,517,517.0,517,517,1.0,690,690.0,690,690,1.0
270530266164,Hennepin,1260,70,168,168.0,168,168,1.0,1344,1391.0,1344,1602,1.04
270530266171,Hennepin,605,942,942,1306.0,942,2741,1.39,5456,10250.0,5456,23848,1.88
270530266172,Hennepin,495,258,1200,1504.0,1200,2999,1.25,2065,8169.0,2065,22646,3.96
270530267021,Hennepin,630,237,4485,4556.0,4485,5017,1.02,12791,14468.0,12791,26083,1.13
270530267022,Hennepin,756,1963,5758,6712.0,5758,17947,1.17,15820,21782.0,15820,43785,1.38
270530267061,Hennepin,731,14,102,102.0,102,102,1.0,3358,3358.0,3358,3358,1.0
270530267062,Hennepin,517,33,121,121.0,121,121,1.0,1219,1219.0,1219,1219,1.0
270530267063,Hennepin,507,35,82,82.0,82,82,1.0,1219,1219.0,1219,1219,1.0
270530267071,Hennepin,874,741,7374,7392.0,7374,7906,1.0,8512,9134.0,8512,17600,1.07
270530267072,Hennepin,497,20,3319,3319.0,3319,3319,1.0,4027,4256.0,4027,5990,1.06
270530267073,Hennepin,434,99,187,351.0,187,2150,1.87,2905,3456.0,2905,7624,1.19
270530267074,Hennepin,4,2266,4016,4016.0,4016,4016,1.0,9448,9448.0,9448,9448,1.0
270530267075,Hennepin,1289,111,111,111.0,111,111,1.0,2876,2876.0,2876,2876,1.0
270530267081,Hennepin,421,190,2528,2528.0,2528,2528,1.0,5406,5406.0,5406,5406,1.0
270530267082,Hennepin,563,217,479,479.0,479,479,1.0,1233,1233.0,1233,1233,1.0
270530267083,Hennepin,600,10,10,10.0,10,10,1.0,4661,4661.0,4661,4661,1.0
270530267084,Hennepin,316,53,633,633.0,633,633,1.0,7652,7652.0,7652,7652,1.0
270530267085,Hennepin,869,3931,3941,3941.0,3941,3941,1.0,4825,4825.0,4825,4825,1.0
270530267111,Hennepin,910,2915,2985,2985.0,2985,2985,1.0,5950,5950.0,5950,5950,1.0
270530267112,Hennepin,805,243,288,288.0,288,288,1.0,3675,3675.0,3675,3675,1.0
270530267121,Hennepin,786,1697,2645,2650.0,2645,2794,1.0,7162,7538.0,7162,10549,1.05
270530267122,Hennepin,888,560,2168,2168.0,2168,2168,1.0,6485,6485.0,6485,6485,1.0
270530267131,Hennepin,845,1532,1608,1608.0,1608,1608,1.0,2427,2427.0,2427,2427,1.0
270530267132,Hennepin,616,218,523,623.0,523,3473,1.19,876,4719.0,876,9671,5.39
270530267133,Hennepin,547,41,117,186.0,117,948,1.59,4177,4379.0,4177,6605,1.05
270530267134,Hennepin,356,76,1649,1649.0,1649,1649,1.0,4737,4741.0,4737,4886,1.0
270530267171,Hennepin,907,667,1315,1315.0,1315,1315,1.0,5372,5372.0,5372,5372,1.0
270530267172,Hennepin,640,568,622,622.0,622,622,1.0,1289,1289.0,1289,1289,1.0
270530267173,Hennepin,951,54,1289,1289.0,1289,1289,1.0,1441,1441.0,1441,1441,1.0
270530267174,Hennepin,762,72,152,152.0,152,152,1.0,1620,1620.0,1620,1620,1.0
270530267181,Hennepin,656,80,331,331.0,331,331,1.0,1854,1854.0,1854,1854,1.0
270530267182,Hennepin,1170,6947,7614,7614.0,7614,7614,1.0,8385,8385.0,8385,8385,1.0
270530267191,Hennepin,659,179,259,259.0,259,259,1.0,524,524.0,524,524,1.0
270530267192,Hennepin,1173,26,1172,1172.0,1172,1172,1.0,1213,1213.0,1213,1213,1.0
270530267193,Hennepin,636,41,343,343.0,343,343,1.0,638,638.0,638,638,1.0
270530267194,Hennepin,605,193,343,343.0,343,343,1.0,718,718.0,718,718,1.0
270530267201,Hennepin,701,90,887,887.0,887,887,1.0,1213,1213.0,1213,1213,1.0
270530267202,Hennepin,826,109,266,266.0,266,266,1.0,1121,1121.0,1121,1121,1.0
270530267203,Hennepin,1213,155,7160,7160.0,7160,7160,1.0,7180,7180.0,7180,7180,1.0
270530267211,Hennepin,577,58,7160,7160.0,7160,7160,1.0,7652,7652.0,7652,7652,1.0
270530267212,Hennepin,578,45,288,288.0,288,288,1.0,3203,3203.0,3203,3203,1.0
270530267213,Hennepin,388,20,207,207.0,207,207,1.0,645,645.0,645,645,1.0
270530267221,Hennepin,1113,469,784,784.0,784,784,1.0,900,900.0,900,900,1.0
270530267222,Hennepin,945,92,810,810.0,810,810,1.0,1093,1093.0,1093,1093,1.0
270530267223,Hennepin,855,30,591,591.0,591,591,1.0,1581,1581.0,1581,1581,1.0
270530267231,Hennepin,1034,193,752,752.0,752,752,1.0,1009,1009.0,1009,1009,1.0
270530267232,Hennepin,684,70,170,170.0,170,170,1.0,5762,5762.0,5762,5762,1.0
270530267233,Hennepin,623,129,129,129.0,129,129,1.0,319,319.0,319,319,1.0
270530267242,Hennepin,1054,682,4764,4764.0,4764,4764,1.0,12887,12887.0,12887,12887,1.0
270530267243,Hennepin,11,2579,6301,6301.0,6301,6301,1.0,13506,13506.0,13506,13506,1.0
270530267244,Hennepin,1154,3089,6661,6661.0,6661,6661,1.0,9712,9712.0,9712,9712,1.0
270530267251,Hennepin,519,72,423,423.0,423,423,1.0,4154,4154.0,4154,4154,1.0
270530267252,Hennepin,695,472,705,705.0,705,705,1.0,14503,14503.0,14503,14503,1.0
270530267253,Hennepin,866,108,633,633.0,633,633,1.0,14503,14503.0,14503,14503,1.0
270530267261,Hennepin,790,708,4337,4337.0,4337,4337,1.0,7999,7999.0,7999,7999,1.0
270530267263,Hennepin,1611,993,993,993.0,993,993,1.0,12815,12815.0,12815,12815,1.0
270530268071,Hennepin,376,454,1785,3388.0,1785,12359,1.9,4884,16219.0,6646,35294,3.32
270530268072,Hennepin,429,21,1457,5145.0,1457,11867,3.53,5395,28152.0,10560,144977,5.22
270530268073,Hennepin,6,532,2732,3900.0,2732,8997,1.43,11912,17529.0,11912,38998,1.47
270530268074,Hennepin,585,83,1508,6094.0,1508,12100,4.04,11725,20904.0,13858,34534,1.78
270530268075,Hennepin,656,291,835,2161.0,835,6980,2.59,8738,12585.0,8738,25799,1.44
270530268076,Hennepin,2,2950,6776,7618.0,6776,11622,1.12,7067,14766.0,7067,39673,2.09
270530268077,Hennepin,580,3826,5573,5610.0,5573,6320,1.01,6159,8553.0,6159,15566,1.39
270530268091,Hennepin,718,951,1408,5817.0,2271,14166,4.13,3846,23747.0,9525,45430,6.17
270530268092,Hennepin,648,226,1248,3300.0,1248,14698,2.64,4285,16209.0,5847,42515,3.78
270530268093,Hennepin,829,3,1408,4042.0,1982,12001,2.87,3604,19526.0,9436,44700,5.42
270530268111,Hennepin,547,137,2567,2568.0,2567,2610,1.0,5600,7442.0,5600,16862,1.33
270530268112,Hennepin,637,87,591,1920.0,591,5410,3.25,4559,14623.0,4559,41826,3.21
270530268113,Hennepin,857,69,728,1071.0,728,2513,1.47,4712,9774.0,4712,25269,2.07
270530268114,Hennepin,1029,910,2222,2462.0,2222,4454,1.11,4031,9240.0,4031,109796,2.29
270530268121,Hennepin,1106,24,5183,5698.0,5183,8569,1.1,11027,17452.0,11027,32968,1.58
270530268122,Hennepin,9,2291,7076,7588.0,7076,9162,1.07,8979,10343.0,8979,14203,1.15
270530268123,Hennepin,887,142,4476,4716.0,4476,5570,1.05,11516,13123.0,11516,17399,1.14
270530268124,Hennepin,710,132,1664,1824.0,1664,3479,1.1,8107,12722.0,8107,24255,1.57
270530268125,Hennepin,2,4643,6958,7751.0,6958,9186,1.11,9356,13320.0,9356,22538,1.42
270530268126,Hennepin,10,992,4099,4166.0,4099,4543,1.02,10213,10479.0,10213,13156,1.03
270530268127,Hennepin,1856,650,650,661.0,650,1094,1.02,2736,2797.0,2736,4005,1.02
270530268141,Hennepin,606,54,549,2021.0,549,10490,3.68,3551,21128.0,3551,150670,5.95
270530268142,Hennepin,345,62,1322,2506.0,1322,9434,1.9,3025,16693.0,3025,145242,5.52
270530268143,Hennepin,1023,1067,1343,1678.0,1343,3910,1.25,3762,9904.0,3762,106089,2.63
270530268144,Hennepin,563,43,1530,2471.0,1530,9434,1.62,2534,15363.0,2534,145334,6.06
270530268145,Hennepin,621,75,1972,2915.0,1972,8875,1.48,3600,8810.0,3600,22273,2.45
270530268146,Hennepin,553,96,862,2211.0,862,7765,2.57,3336,9316.0,3336,24560,2.79
270530268151,Hennepin,884,49,264,364.0,264,8336,1.38,532,13802.0,532,158593,25.94
270530268152,Hennepin,882,133,656,1331.0,656,8230,2.03,2394,20535.0,2394,154756,8.58
270530268153,Hennepin,963,82,249,279.0,249,1034,1.12,2352,12129.0,2352,149203,5.16
270530268161,Hennepin,658,139,2360,6273.0,2360,14977,2.66,6755,22810.0,9369,49138,3.38
270530268162,Hennepin,793,374,787,6119.0,787,23305,7.77,9383,23650.0,11730,50136,2.52
270530268163,Hennepin,702,15,2660,5538.0,2660,13169,2.08,6063,20457.0,7279,44429,3.37
270530268164,Hennepin,760,961,2847,5166.0,2847,12420,1.81,4972,17296.0,6911,42088,3.48
270530268165,Hennepin,607,1113,6154,8360.0,6154,19808,1.36,13511,23205.0,13511,36443,1.72
270530268181,Hennepin,819,162,1746,3053.0,1746,6645,1.75,7225,15362.0,9740,28766,2.13
270530268182,Hennepin,920,227,3386,5673.0,3386,15005,1.68,5630,19180.0,8323,49089,3.41
270530268183,Hennepin,689,1131,2713,4011.0,2713,9409,1.48,5522,17293.0,5522,47568,3.13
270530268191,Hennepin,839,40,2036,5556.0,3087,12752,2.73,7299,21769.0,11392,48688,2.98
270530268192,Hennepin,449,192,1514,7645.0,2829,15484,5.05,6288,25958.0,11885,58402,4.13
270530268193,Hennepin,794,174,3690,8243.0,3787,15484,2.23,6397,25896.0,11258,46940,4.05
270530268221,Hennepin,667,136,136,696.0,136,35277,5.11,299,17640.0,299,175984,59.0
270530268222,Hennepin,922,338,1248,2096.0,1248,8917,1.68,2925,8356.0,2925,25132,2.86
270530268223,Hennepin,455,152,169,169.0,169,169,1.0,1428,1428.0,1428,1428,1.0
270530268224,Hennepin,455,691,2014,2995.0,2014,8917,1.49,3372,9403.0,3372,26531,2.79
270530268231,Hennepin,603,195,386,386.0,386,386,1.0,1768,1844.0,1768,2678,1.04
270530268232,Hennepin,813,39,445,445.0,445,445,1.0,5487,5845.0,5487,8586,1.07
270530268233,Hennepin,645,895,1614,1829.0,1614,4557,1.13,3955,5732.0,3955,24129,1.45
270530268234,Hennepin,787,787,1061,1632.0,1061,3534,1.54,5057,11607.0,6631,28770,2.3
270530268241,Hennepin,631,248,944,944.0,944,944,1.0,1582,1582.0,1582,1582,1.0
270530268242,Hennepin,947,106,1388,1388.0,1388,1388,1.0,2768,2861.0,2768,4052,1.03
270530268243,Hennepin,856,444,956,1117.0,956,3986,1.17,4540,5714.0,4540,11985,1.26
270530268244,Hennepin,750,406,1125,1176.0,1125,2394,1.04,4281,5292.0,4281,12308,1.24
270530268251,Hennepin,535,32,221,262.0,221,1236,1.19,639,7646.0,639,130634,11.97
270530268252,Hennepin,538,17,503,519.0,503,903,1.03,543,3475.0,543,114278,6.4
270530268253,Hennepin,821,160,503,523.0,503,903,1.04,988,5149.0,988,117425,5.21
270530268261,Hennepin,456,12,351,371.0,351,751,1.06,679,4571.0,679,116980,6.73
270530268262,Hennepin,1074,130,359,367.0,359,658,1.02,1538,1759.0,1538,10053,1.14
270530268263,Hennepin,834,40,170,170.0,170,170,1.0,1055,1055.0,1055,1055,1.0
270530268271,Hennepin,628,534,1576,6542.0,1803,18086,4.15,6045,24168.0,10932,54551,4.0
270530268272,Hennepin,437,435,1629,4299.0,1629,16578,2.64,5994,20986.0,10449,42896,3.5
270530268281,Hennepin,865,133,1502,5176.0,1502,16970,3.45,4044,21251.0,8965,42896,5.25
270530268282,Hennepin,677,103,1859,4532.0,1859,12538,2.44,3861,19481.0,7572,37910,5.05
270530268283,Hennepin,712,16,1072,2527.0,1072,10368,2.36,4175,16665.0,7491,35463,3.99
270530269031,Hennepin,461,143,413,413.0,413,413,1.0,5630,5750.0,5630,9976,1.02
270530269032,Hennepin,828,20,210,210.0,210,210,1.0,413,413.0,413,413,1.0
270530269033,Hennepin,877,19,47,47.0,47,47,1.0,584,584.0,584,584,1.0
270530269034,Hennepin,405,28,58,58.0,58,58,1.0,421,421.0,421,421,1.0
270530269061,Hennepin,931,58,409,409.0,409,409,1.0,423,423.0,423,423,1.0
270530269062,Hennepin,923,590,1213,1217.0,1213,1740,1.0,1333,1352.0,1333,3665,1.01
270530269063,Hennepin,1084,664,2706,2706.0,2706,2706,1.0,4665,4665.0,4665,4665,1.0
270530269064,Hennepin,412,57,255,264.0,255,1372,1.04,3095,3122.0,3095,6371,1.01
270530269065,Hennepin,694,34,861,861.0,861,861,1.0,3744,3744.0,3744,3744,1.0
270530269071,Hennepin,817,979,3686,3686.0,3686,3686,1.0,3782,3782.0,3782,3782,1.0
270530269072,Hennepin,797,39,86,86.0,86,86,1.0,3108,3108.0,3108,3108,1.0
270530269073,Hennepin,1411,2008,2672,2672.0,2672,2672,1.0,4547,4547.0,4547,4547,1.0
270530269081,Hennepin,832,660,3767,3767.0,3767,3767,1.0,4619,4619.0,4619,4619,1.0
270530269082,Hennepin,803,106,269,269.0,269,269,1.0,3755,3755.0,3755,3755,1.0
270530269083,Hennepin,1084,154,331,331.0,331,331,1.0,1921,1921.0,1921,1921,1.0
270530269084,Hennepin,632,14,934,934.0,934,934,1.0,4070,4070.0,4070,4070,1.0
270530269101,Hennepin,1018,176,176,176.0,176,176,1.0,176,176.0,176,176,1.0
270530269102,Hennepin,624,30,374,374.0,374,374,1.0,374,374.0,374,374,1.0
270530269103,Hennepin,1837,344,344,344.0,344,344,1.0,421,421.0,421,421,1.0
270530269104,Hennepin,740,1000,1000,1000.0,1000,1000,1.0,1000,1000.0,1000,1000,1.0
270530269105,Hennepin,1105,62,62,62.0,62,62,1.0,62,62.0,62,62,1.0
270530269111,Hennepin,996,1168,1168,1168.0,1168,1168,1.0,2901,2901.0,2901,2901,1.0
270530269112,Hennepin,765,1733,1733,1733.0,1733,1733,1.0,2901,2901.0,2901,2901,1.0
270530269113,Hennepin,1305,4270,4270,4270.0,4270,4270,1.0,6003,6003.0,6003,6003,1.0
270530269121,Hennepin,1121,113,113,113.0,113,113,1.0,2583,2583.0,2583,2583,1.0
270530269122,Hennepin,834,1004,1004,1004.0,1004,1004,1.0,1117,1117.0,1117,1117,1.0
270530269123,Hennepin,1071,618,618,618.0,618,618,1.0,618,618.0,618,618,1.0
270530269124,Hennepin,942,1466,1466,1466.0,1466,1466,1.0,1466,1466.0,1466,1466,1.0
270530269125,Hennepin,397,73,73,73.0,73,73,1.0,73,73.0,73,73,1.0
270530269126,Hennepin,658,189,189,189.0,189,189,1.0,189,189.0,189,189,1.0
270530270011,Hennepin,813,177,177,177.0,177,177,1.0,177,177.0,177,177,1.0
270530270012,Hennepin,1076,857,857,857.0,857,857,1.0,857,857.0,857,857,1.0
270530270021,Hennepin,552,727,1096,1096.0,1096,1096,1.0,1096,1096.0,1096,1096,1.0
270530270022,Hennepin,717,431,431,431.0,431,431,1.0,431,431.0,431,431,1.0
270530270023,Hennepin,677,131,131,131.0,131,131,1.0,131,131.0,131,131,1.0
270530270024,Hennepin,273,369,1096,1096.0,1096,1096,1.0,1096,1096.0,1096,1096,1.0
270530270025,Hennepin,430,223,223,223.0,223,223,1.0,223,223.0,223,223,1.0
270530271011,Hennepin,762,267,267,267.0,267,267,1.0,267,267.0,267,267,1.0
270530271012,Hennepin,304,556,834,834.0,834,834,1.0,834,834.0,834,834,1.0
270530271013,Hennepin,254,278,278,278.0,278,278,1.0,834,834.0,834,834,1.0
270530271014,Hennepin,719,1177,1177,1177.0,1177,1177,1.0,1507,1507.0,1507,1507,1.0
270530271015,Hennepin,779,330,330,330.0,330,330,1.0,330,330.0,330,330,1.0
270530271016,Hennepin,729,5353,5353,5353.0,5353,5353,1.0,5353,5353.0,5353,5353,1.0
270530271021,Hennepin,673,298,298,298.0,298,298,1.0,298,298.0,298,298,1.0
270530271022,Hennepin,1116,711,711,711.0,711,711,1.0,711,711.0,711,711,1.0
270530271023,Hennepin,666,266,266,266.0,266,266,1.0,266,266.0,266,266,1.0
270530271024,Hennepin,504,117,117,117.0,117,117,1.0,117,117.0,117,117,1.0
270530271025,Hennepin,677,177,177,177.0,177,177,1.0,888,888.0,888,888,1.0
270530272021,Hennepin,374,1265,1265,1265.0,1265,1265,1.0,1574,1574.0,1574,1574,1.0
270530272022,Hennepin,588,75,1574,1574.0,1574,1574,1.0,1803,1803.0,1803,1803,1.0
270530272031,Hennepin,391,332,792,1886.0,792,6939,2.38,792,5316.0,792,21811,6.71
270530272032,Hennepin,498,460,792,1714.0,792,6491,2.16,1686,5150.0,1686,18419,3.05
270530272033,Hennepin,821,894,935,1934.0,935,7426,2.07,1910,5375.0,1910,18975,2.81
270530272041,Hennepin,869,943,943,943.0,943,943,1.0,943,943.0,943,943,1.0
270530272042,Hennepin,1021,81,81,81.0,81,81,1.0,81,81.0,81,81,1.0
270530272051,Hennepin,755,229,229,229.0,229,229,1.0,1569,2131.0,1569,7268,1.36
270530272052,Hennepin,535,234,234,234.0,234,234,1.0,234,234.0,234,234,1.0
270530273001,Hennepin,442,1275,6147,7265.0,6147,16836,1.18,6147,14096.0,6147,46488,2.29
270530273002,Hennepin,588,2646,3921,5003.0,3921,13832,1.28,5699,11672.0,5699,35313,2.05
270530273003,Hennepin,378,1778,3501,4530.0,3501,13832,1.29,6386,12626.0,6386,35793,1.98
270530273004,Hennepin,463,448,3501,3633.0,3501,6147,1.04,6665,9117.0,6665,32145,1.37
270530274001,Hennepin,256,65,1182,1182.0,1182,1182,1.0,1182,1182.0,1182,1182,1.0
270530274002,Hennepin,279,341,424,424.0,424,424,1.0,1496,1496.0,1496,1496,1.0
270530274003,Hennepin,291,83,424,424.0,424,424,1.0,711,711.0,711,711,1.0
270530274004,Hennepin,424,537,807,807.0,807,807,1.0,1523,1523.0,1523,1523,1.0
270530274005,Hennepin,545,205,807,807.0,807,807,1.0,2861,2861.0,2861,2861,1.0
270530275011,Hennepin,268,189,665,665.0,665,665,1.0,742,742.0,742,742,1.0
270530275012,Hennepin,658,1863,2385,2385.0,2385,2385,1.0,2861,2861.0,2861,2861,1.0
270530275013,Hennepin,336,77,77,77.0,77,77,1.0,77,77.0,77,77,1.0
270530275014,Hennepin,462,118,1981,1981.0,1981,1981,1.0,2408,2408.0,2408,2408,1.0
270530275015,Hennepin,302,215,405,405.0,405,405,1.0,2832,2832.0,2832,2832,1.0
270530275031,Hennepin,646,404,665,665.0,665,665,1.0,2559,2559.0,2559,2559,1.0
270530275032,Hennepin,585,332,354,354.0,354,354,1.0,354,354.0,354,354,1.0
270530275033,Hennepin,446,72,665,665.0,665,665,1.0,687,687.0,687,687,1.0
270530275034,Hennepin,448,22,94,94.0,94,94,1.0,479,479.0,479,479,1.0
270530275041,Hennepin,324,140,162,162.0,162,162,1.0,1656,1656.0,1656,1656,1.0
270530275042,Hennepin,467,72,72,72.0,72,72,1.0,851,851.0,851,851,1.0
270530275043,Hennepin,443,22,103,103.0,103,103,1.0,997,997.0,997,997,1.0
270530275044,Hennepin,360,31,86,86.0,86,86,1.0,353,353.0,353,353,1.0
270530276011,Hennepin,619,67,430,430.0,430,430,1.0,919,1057.0,919,2605,1.15
270530276012,Hennepin,859,363,852,934.0,852,2206,1.1,1049,1806.0,1049,8434,1.72
270530276013,Hennepin,648,80,147,147.0,147,147,1.0,510,510.0,510,510,1.0
270530276021,Hennepin,376,26,574,574.0,574,574,1.0,1468,1555.0,1468,2260,1.06
270530276022,Hennepin,579,41,1059,1059.0,1059,1059,1.0,1468,1742.0,1468,3535,1.19
270530276023,Hennepin,564,98,165,165.0,165,165,1.0,574,634.0,574,1468,1.1
270530276024,Hennepin,502,409,878,1291.0,878,3839,1.47,2142,3897.0,2142,15033,1.82
270530276025,Hennepin,493,34,164,164.0,164,164,1.0,573,573.0,573,573,1.0
270530276026,Hennepin,407,130,164,164.0,164,164,1.0,573,573.0,573,573,1.0
270530277011,Hennepin,607,108,108,108.0,108,108,1.0,108,108.0,108,108,1.0
270530277012,Hennepin,644,113,113,113.0,113,113,1.0,194,194.0,194,194,1.0
270530277013,Hennepin,637,563,563,563.0,563,563,1.0,563,563.0,563,563,1.0
270530277021,Hennepin,752,181,364,364.0,364,364,1.0,416,416.0,416,416,1.0
270530277022,Hennepin,529,183,364,364.0,364,364,1.0,415,415.0,415,415,1.0
270530277031,Hennepin,1039,52,52,52.0,52,52,1.0,416,416.0,416,416,1.0
270530277032,Hennepin,627,72,72,72.0,72,72,1.0,72,72.0,72,72,1.0
270530277033,Hennepin,504,14,14,14.0,14,14,1.0,14,14.0,14,14,1.0
270530277034,Hennepin,503,51,51,51.0,51,51,1.0,51,51.0,51,51,1.0
270531002001,Hennepin,756,90,497,11811.0,3888,69566,23.76,6992,155526.0,55818,244691,22.24
270531002002,Hennepin,741,182,2648,15067.0,5860,64458,5.69,3565,168038.0,85635,244804,47.14
270531002003,Hennepin,349,47,2880,15257.0,4003,64481,5.3,5451,174311.0,70803,246007,31.98
270531004001,Hennepin,456,388,2245,22011.0,2504,94128,9.8,6888,186269.0,73237,266175,27.04
270531004002,Hennepin,536,98,1943,12835.0,2564,62104,6.61,5671,169528.0,68991,245988,29.89
270531004003,Hennepin,428,152,2256,9334.0,2534,63328,4.14,5960,146958.0,62861,226296,24.66
270531005001,Hennepin,274,1203,3383,13104.0,5476,55061,3.87,6366,159509.0,27942,261155,25.06
270531005002,Hennepin,803,1136,2431,61025.0,7158,165055,25.1,13434,237181.0,168939,361705,17.66
270531007001,Hennepin,466,35,1714,9837.0,3455,63858,5.74,6939,165904.0,84111,244405,23.91
270531007002,Hennepin,463,26,5088,6641.0,5106,11006,1.31,8154,79470.0,17365,190506,9.75
270531007003,Hennepin,380,38,5160,10360.0,5800,24389,2.01,8278,121083.0,20813,222444,14.63
270531007004,Hennepin,354,79,5697,10913.0,6261,24835,1.92,9578,156512.0,69627,226250,16.34
270531008001,Hennepin,388,56,1583,15441.0,2916,60762,9.75,10328,176548.0,81495,237114,17.09
270531008002,Hennepin,511,49,1830,16276.0,2762,60602,8.89,11513,182852.0,84504,230401,15.88
270531008003,Hennepin,450,36,5813,13323.0,6590,29971,2.29,9978,173354.0,73910,234731,17.37
270531008004,Hennepin,497,9,1553,10289.0,3519,63858,6.63,7443,168560.0,89273,244405,22.65
270531009001,Hennepin,500,496,3346,11015.0,3346,23430,3.29,8715,161434.0,56398,210323,18.52
270531009002,Hennepin,770,26,3692,27158.0,7555,69598,7.36,9650,198389.0,147462,247756,20.56
270531009003,Hennepin,724,362,1721,82294.0,9915,171285,47.82,8473,241915.0,183132,330114,28.55
270531012001,Hennepin,572,154,4154,9290.0,4154,25627,2.24,7584,131384.0,20751,250468,17.32
270531012002,Hennepin,611,23,4719,20853.0,4719,66207,4.42,14843,206282.0,51989,278392,13.9
270531012003,Hennepin,746,174,5320,25879.0,5320,136694,4.86,14503,199547.0,44816,292110,13.76
270531012004,Hennepin,828,118,11929,28879.0,12104,54189,2.42,18467,221482.0,63238,285582,11.99
270531013001,Hennepin,471,26,5800,18179.0,6234,51957,3.13,10227,193486.0,105425,259210,18.92
270531013002,Hennepin,353,9,8337,41125.0,10104,137888,4.93,11074,208944.0,154869,298772,18.87
270531016001,Hennepin,361,12,6981,48743.0,8370,158155,6.98,11779,223973.0,170615,274956,19.01
270531016002,Hennepin,285,51,8636,54242.0,10179,158155,6.28,11889,218703.0,163395,274956,18.4
270531016004,Hennepin,329,72,4456,48578.0,8989,162708,10.9,14346,222739.0,161916,306232,15.53
270531018001,Hennepin,654,293,5764,51529.0,8231,144239,8.94,10450,240686.0,149254,304335,23.03
270531018002,Hennepin,818,558,6208,51369.0,11633,127732,8.27,16220,246479.0,159192,295908,15.2
270531018003,Hennepin,677,156,7216,59673.0,10611,142353,8.27,19954,240191.0,153894,312404,12.04
270531019001,Hennepin,684,78,6192,25804.0,9131,105308,4.17,17518,225005.0,94951,301083,12.84
270531019002,Hennepin,392,63,7946,91433.0,16473,200555,11.51,24099,273742.0,206505,347866,11.36
270531019003,Hennepin,451,318,7444,56156.0,16342,161704,7.54,17625,254028.0,185674,307929,14.41
270531020001,Hennepin,563,18,4065,50568.0,6350,124830,12.44,11639,220148.0,172560,297947,18.91
270531020002,Hennepin,582,44,8516,22585.0,8731,81280,2.65,10604,189675.0,110357,239929,17.89
270531021001,Hennepin,351,2323,5773,84901.0,16466,177176,14.71,16162,242691.0,185216,321205,15.02
270531021002,Hennepin,407,50,5345,50323.0,11374,136310,9.41,18893,221659.0,177004,298135,11.73
270531021003,Hennepin,389,89,5036,33675.0,6782,96123,6.69,14842,202396.0,129461,268984,13.64
270531025001,Hennepin,328,102,12885,90723.0,16915,187664,7.04,30976,261774.0,199266,339222,8.45
270531025002,Hennepin,494,1406,14396,73359.0,15021,160801,5.1,27114,251214.0,176979,296614,9.27
270531025003,Hennepin,712,922,8845,41539.0,9580,129027,4.7,24837,219946.0,161644,293746,8.86
270531026001,Hennepin,7,1185,10429,27334.0,10604,107456,2.62,23244,204976.0,57844,275797,8.82
270531026002,Hennepin,733,225,14778,69596.0,15505,156680,4.71,28527,254532.0,195962,302856,8.92
270531026004,Hennepin,424,1286,12293,24209.0,12293,46074,1.97,23340,207516.0,136974,280129,8.89
270531028001,Hennepin,441,52,8915,77281.0,12542,182975,8.67,28645,242833.0,175948,315118,8.48
270531028002,Hennepin,311,480,5202,95058.0,13817,183352,18.27,17658,253889.0,201284,324220,14.38
270531028003,Hennepin,472,48,5514,49975.0,6151,134830,9.06,14957,224812.0,180615,302778,15.03
270531030001,Hennepin,547,158,16717,149201.0,60209,218633,8.93,83248,311695.0,234528,396412,3.74
270531030003,Hennepin,575,732,16399,133511.0,23582,227957,8.14,54426,293825.0,207218,395630,5.4
270531031001,Hennepin,460,185,11598,165841.0,57427,218118,14.3,75356,304149.0,262178,354402,4.04
270531031002,Hennepin,828,175,15347,120404.0,22103,191111,7.85,40469,282531.0,227676,356854,6.98
270531034001,Hennepin,327,1123,12976,131537.0,58638,185916,10.14,98824,268669.0,191979,327149,2.72
270531034002,Hennepin,350,4,26569,142045.0,72356,187944,5.35,151906,281125.0,213936,348883,1.85
270531034003,Hennepin,307,1434,28798,142909.0,72358,185305,4.96,150359,272182.0,209195,342904,1.81
270531036001,Hennepin,592,106,21942,156180.0,117307,213774,7.12,158315,310501.0,254604,376872,1.96
270531036002,Hennepin,1248,1927,28457,209274.0,166363,251013,7.35,159717,367862.0,314675,481147,2.3
270531036003,Hennepin,351,625,58369,214819.0,177555,242062,3.68,195268,366555.0,305017,433052,1.88
270531037001,Hennepin,507,651,8580,188079.0,153235,222523,21.92,91830,327547.0,269704,373035,3.57
270531037002,Hennepin,805,858,50338,163879.0,90573,189806,3.26,189578,297406.0,256210,363927,1.57
270531037003,Hennepin,660,173,10216,166062.0,59955,210988,16.26,133063,311987.0,259143,381725,2.34
270531037004,Hennepin,533,589,18059,197024.0,155944,230129,10.91,176648,338803.0,286041,398489,1.92
270531039001,Hennepin,340,20,29874,119708.0,47201,213973,4.01,54353,315887.0,261638,375112,5.81
270531039002,Hennepin,514,754,31837,116354.0,51154,199373,3.65,56403,313137.0,261511,366962,5.55
270531040012,Hennepin,676,723,12829,62097.0,27313,100783,4.84,48762,270897.0,170356,356171,5.56
270531040013,Hennepin,489,70,40637,129250.0,61597,216748,3.18,52619,327026.0,271806,405769,6.21
270531040021,Hennepin,938,5323,11386,130116.0,30958,214211,11.43,57897,306029.0,244241,387273,5.29
270531040022,Hennepin,1,5195,15768,32212.0,17084,127428,2.04,27204,206989.0,85566,273083,7.61
270531040023,Hennepin,612,2720,12075,78921.0,28239,164566,6.54,24057,288858.0,201558,358148,12.01
270531040024,Hennepin,330,647,8440,64586.0,24640,133711,7.65,21085,277908.0,144796,366598,13.18
270531041001,Hennepin,556,1730,5573,66372.0,6375,161520,11.91,32815,221288.0,170917,329773,6.74
270531041002,Hennepin,374,165,4059,85276.0,10096,157235,21.01,19230,236349.0,187401,319360,12.29
270531041003,Hennepin,553,72,8558,109372.0,24060,164624,12.78,35439,238761.0,189164,324585,6.74
270531044001,Hennepin,528,2576,151255,219231.0,177707,267694,1.45,176475,411846.0,341319,473725,2.33
270531044002,Hennepin,251,14662,147369,252305.0,200247,284783,1.71,191476,440252.0,368387,576115,2.3
270531044003,Hennepin,375,28032,153131,220242.0,182677,265536,1.44,186929,442888.0,358270,525522,2.37
270531048011,Hennepin,406,64,80040,213853.0,161415,252009,2.67,181371,382529.0,321956,443992,2.11
270531048012,Hennepin,965,253,37440,212928.0,175296,246243,5.69,143571,372639.0,314954,435566,2.6
270531048021,Hennepin,493,340,37996,211332.0,158543,249147,5.56,158163,373366.0,310360,425915,2.36
270531048022,Hennepin,495,1619,42142,188793.0,103701,243537,4.48,122530,341565.0,299097,403050,2.79
270531048023,Hennepin,392,576,38491,137461.0,58720,219717,3.57,62203,309721.0,271117,365564,4.98
270531049011,Hennepin,479,25896,32423,144196.0,72420,208265,4.45,44196,331586.0,271977,387919,7.5
270531049012,Hennepin,242,919,32560,136606.0,84948,217014,4.2,55595,335843.0,291642,385762,6.04
270531049021,Hennepin,514,124,34200,59409.0,35949,97756,1.74,46505,265107.0,161228,327822,5.7
270531049022,Hennepin,174,82,31794,61908.0,32748,90121,1.95,44549,269455.0,216574,315676,6.05
270531049023,Hennepin,344,575,31425,104676.0,53878,181582,3.33,40231,321170.0,255340,370699,7.98
270531049024,Hennepin,543,94,31586,123405.0,79388,203416,3.91,40167,329639.0,270811,389154,8.21
270531049025,Hennepin,236,63,34821,67888.0,40484,102432,1.95,41897,289202.0,233004,355306,6.9
270531051001,Hennepin,664,222,3063,28479.0,3063,142874,9.3,13330,150793.0,24428,295038,11.31
270531051002,Hennepin,425,80,4932,38953.0,4932,150746,7.9,15729,168579.0,26876,310553,10.72
270531051003,Hennepin,447,778,1618,6542.0,1618,24254,4.04,4462,69887.0,4462,186262,15.66
270531052011,Hennepin,817,81,125374,180432.0,139546,219496,1.44,173797,368172.0,300293,440837,2.12
270531052012,Hennepin,389,1961,137472,201465.0,167808,265365,1.47,175945,393824.0,317190,458318,2.24
270531052013,Hennepin,386,459,133177,210503.0,167268,287949,1.58,173147,399501.0,297091,477251,2.31
270531052041,Hennepin,387,640,137611,202305.0,162237,255072,1.47,181040,392921.0,306019,492866,2.17
270531052042,Hennepin,522,177,127025,171374.0,139546,218870,1.35,174530,342655.0,286087,439193,1.96
270531052043,Hennepin,460,521,138884,205826.0,163658,281869,1.48,181636,400104.0,309494,504651,2.2
270531054001,Hennepin,364,623,145908,189348.0,160438,230504,1.3,191966,351650.0,302313,416834,1.83
270531054002,Hennepin,793,167,153045,205704.0,166224,242992,1.34,195404,372760.0,307780,425002,1.91
270531054003,Hennepin,1147,9646,149214,249469.0,205171,289710,1.67,194363,425651.0,367374,494226,2.19
270531055001,Hennepin,536,621,13148,163132.0,73943,217058,12.41,110323,340056.0,265991,424928,3.08
270531055002,Hennepin,665,185,14149,130720.0,23689,212502,9.24,70500,324843.0,265919,388813,4.61
270531055003,Hennepin,349,451,4805,16833.0,4805,150065,3.5,19801,198879.0,95759,327092,10.04
270531055004,Hennepin,478,112,7547,56612.0,11166,140570,7.5,51560,271770.0,218946,333681,5.27
270531056001,Hennepin,613,30,89524,178406.0,154290,228001,1.99,183163,342791.0,280881,421433,1.87
270531056002,Hennepin,575,440,44274,132180.0,62575,196291,2.99,161120,304651.0,262998,368943,1.89
270531056003,Hennepin,875,517,13617,143014.0,59282,203625,10.5,156690,314691.0,258380,383536,2.01
270531056004,Hennepin,523,64,59770,148042.0,101904,185097,2.48,161749,311302.0,242415,425621,1.92
270531057001,Hennepin,536,452,72349,178966.0,129957,230172,2.47,179457,331595.0,276425,433209,1.85
270531057002,Hennepin,418,1,113554,162449.0,117542,187781,1.43,182274,292771.0,260573,339981,1.61
270531057003,Hennepin,541,97,113481,171792.0,143004,213491,1.51,180950,308510.0,253236,395807,1.7
270531060001,Hennepin,348,679,42730,195343.0,100855,252541,4.57,196346,342804.0,280699,410626,1.75
270531060002,Hennepin,442,2867,43277,165806.0,55097,217020,3.83,139508,316012.0,269172,378568,2.27
270531060003,Hennepin,246,11,37454,186786.0,112682,228957,4.99,103393,335180.0,288172,388990,3.24
270531062001,Hennepin,957,431,15370,160786.0,73956,240061,10.46,61338,329706.0,281212,392579,5.38
270531062002,Hennepin,383,1174,16329,127537.0,55548,232444,7.81,60844,316041.0,267324,361965,5.19
270531062003,Hennepin,385,642,16418,175845.0,87052,248691,10.71,81488,334283.0,284084,383368,4.1
270531064001,Hennepin,343,8,11707,99952.0,45554,232320,8.54,54705,312842.0,260426,413123,5.72
270531064002,Hennepin,482,228,12149,54863.0,18084,134703,4.52,54497,270934.0,163758,361128,4.97
270531065001,Hennepin,550,421,3560,10464.0,3560,44371,2.94,9220,108560.0,25573,221137,11.77
270531065002,Hennepin,646,245,1003,7196.0,1003,128505,7.17,10303,54859.0,11797,258402,5.32
270531065003,Hennepin,459,70,5685,13881.0,7173,58254,2.44,13484,168527.0,54001,282184,12.5
270531065004,Hennepin,603,438,3749,27459.0,9822,96181,7.32,15346,248774.0,95566,335386,16.21
270531066001,Hennepin,658,646,10505,104203.0,17219,189987,9.92,22118,318129.0,264040,374319,14.38
270531066002,Hennepin,550,557,10519,74046.0,17744,154781,7.04,21504,321146.0,258403,373891,14.93
270531067001,Hennepin,1221,1016,13220,78817.0,20922,147497,5.96,34070,312596.0,258079,368635,9.18
270531067002,Hennepin,929,278,15763,141727.0,64213,224190,8.99,34140,339384.0,272751,399792,9.94
270531067003,Hennepin,884,788,18824,190153.0,112301,239919,10.1,67111,367615.0,319814,425083,5.48
270531069001,Hennepin,544,1760,71419,155545.0,96556,219682,2.18,181025,306085.0,258560,351457,1.69
270531069002,Hennepin,319,27,35872,153502.0,82059,227719,4.28,139783,308703.0,254641,402502,2.21
270531069003,Hennepin,548,1445,38304,155107.0,78307,213905,4.05,166013,319050.0,270317,396683,1.92
270531070001,Hennepin,579,224,25543,132848.0,58212,215476,5.2,78682,311254.0,243090,395305,3.96
270531070002,Hennepin,689,373,25536,101164.0,36880,176228,3.96,77552,293888.0,224404,356787,3.79
270531070003,Hennepin,636,414,18806,84349.0,35524,159386,4.49,48603,287354.0,234356,347014,5.91
270531074001,Hennepin,510,1781,11910,38715.0,13558,85002,3.25,19750,276780.0,134710,360231,14.01
270531074002,Hennepin,604,437,4784,31928.0,7679,112833,6.67,14399,278798.0,128204,382172,19.36
270531075001,Hennepin,614,314,8549,23183.0,9043,118291,2.71,22239,196178.0,67117,309930,8.82
270531075002,Hennepin,437,3514,10925,53673.0,15483,186068,4.91,29708,261324.0,166467,344626,8.8
270531076001,Hennepin,367,43,2029,5108.0,2029,14250,2.52,5121,101433.0,17803,230701,19.81
270531076002,Hennepin,679,275,4019,10834.0,4131,30317,2.7,11661,193906.0,54461,336757,16.63
270531076003,Hennepin,395,230,3383,12890.0,3495,36303,3.81,8164,204904.0,52285,364471,25.1
270531076004,Hennepin,468,40,3484,9600.0,3635,24364,2.76,7925,122079.0,18280,280824,15.4
270531080001,Hennepin,546,682,9274,69583.0,19288,165844,7.5,17236,332823.0,269714,395417,19.31
270531080002,Hennepin,722,426,7599,53859.0,14301,141447,7.09,17018,319851.0,226791,390197,18.79
270531080003,Hennepin,445,70,6173,82584.0,13877,195522,13.38,13937,322264.0,254038,394715,23.12
270531080004,Hennepin,357,69,5955,47479.0,8710,121384,7.97,12608,289847.0,204550,362129,22.99
270531086001,Hennepin,282,45,6077,47586.0,8069,151519,7.83,27971,266169.0,150128,330540,9.52
270531086002,Hennepin,498,361,8803,76708.0,13070,162082,8.71,38095,297924.0,188613,347675,7.82
270531086003,Hennepin,463,42,6187,79646.0,13567,162082,12.87,39729,302533.0,188613,347675,7.61
270531087001,Hennepin,714,389,5052,44047.0,7411,98100,8.72,11215,274118.0,210123,326505,24.44
270531087002,Hennepin,497,88,6353,50584.0,8625,167243,7.96,15886,268979.0,161090,341589,16.93
270531087003,Hennepin,729,242,11574,92430.0,51015,184606,7.99,31434,308767.0,237406,363476,9.82
270531088001,Hennepin,665,651,6882,17490.0,7322,83367,2.54,14242,203666.0,72713,323019,14.3
270531088002,Hennepin,360,944,10899,53028.0,13945,122189,4.87,17653,302782.0,235534,370267,17.15
270531088003,Hennepin,424,75,6533,15555.0,7369,38812,2.38,16471,214302.0,71251,321352,13.01
270531088004,Hennepin,359,88,10669,26326.0,11589,83131,2.47,17483,258437.0,135787,327709,14.78
270531089001,Hennepin,437,8,5032,13540.0,6553,77548,2.69,9063,175334.0,64364,310172,19.35
270531089002,Hennepin,381,20,4812,10764.0,4887,29676,2.24,9385,123924.0,29560,288844,13.2
270531089003,Hennepin,530,301,6084,27880.0,6920,123196,4.58,12854,258151.0,115680,355829,20.08
270531090001,Hennepin,663,179,3331,11861.0,3331,36458,3.56,6563,114455.0,10363,302667,17.44
270531090002,Hennepin,357,14,1790,6119.0,1790,17875,3.42,5199,71692.0,7071,246779,13.79
270531091001,Hennepin,861,1041,4765,26298.0,9149,67949,5.52,16635,213594.0,61086,334078,12.84
270531091002,Hennepin,329,3,3957,26031.0,9826,86130,6.58,13245,254525.0,95853,349106,19.22
270531091003,Hennepin,569,48,1199,59173.0,12706,137729,49.35,12792,281828.0,187288,361548,22.03
270531091004,Hennepin,524,608,2016,65453.0,15504,137729,32.47,6847,286299.0,188504,357402,41.81
270531091005,Hennepin,452,29,1588,27917.0,1727,54313,17.58,11474,199278.0,73967,299626,17.37
270531092001,Hennepin,700,63,7857,18701.0,10330,48387,2.38,15276,271099.0,169951,328575,17.75
270531092002,Hennepin,617,544,6053,36279.0,11975,121909,5.99,13883,299958.0,102493,371903,21.61
270531092003,Hennepin,641,224,6775,32820.0,10594,121909,4.84,14955,292066.0,215025,351908,19.53
270531093001,Hennepin,360,179,6118,34903.0,13333,115317,5.7,16933,271490.0,190564,375078,16.03
270531093002,Hennepin,682,172,5076,28378.0,10297,100976,5.59,14862,274889.0,119262,344169,18.5
270531093003,Hennepin,687,224,8033,32212.0,14736,95772,4.01,16226,284900.0,119807,355784,17.56
270531093004,Hennepin,546,163,8082,68143.0,15516,192854,8.43,22750,288757.0,196505,394966,12.69
270531094001,Hennepin,562,136,5699,59112.0,10302,191161,10.37,35981,267016.0,207512,367615,7.42
270531094002,Hennepin,428,226,5428,74095.0,12771,191104,13.65,26192,298092.0,217950,382703,11.38
270531097001,Hennepin,332,207,3294,23866.0,3900,88956,7.25,12101,227243.0,115254,324812,18.78
270531097002,Hennepin,461,159,4531,29070.0,4531,112844,6.42,23467,238589.0,50745,335357,10.17
270531097003,Hennepin,344,105,5619,40388.0,5890,161374,7.19,28467,267550.0,133838,403776,9.4
270531098001,Hennepin,425,101,1959,12318.0,1959,46547,6.29,14307,104862.0,58463,212588,7.33
270531098002,Hennepin,496,86,7939,13932.0,7939,45187,1.75,14912,65820.0,52171,91254,4.41
270531098003,Hennepin,444,193,4599,41498.0,5739,51709,9.02,14717,178592.0,70072,294458,12.14
270531098004,Hennepin,382,321,5380,40126.0,5428,51020,7.46,7955,128757.0,54260,258402,16.19
270531098005,Hennepin,416,41,5533,42317.0,5672,67865,7.65,6223,168157.0,61496,312349,27.02
270531099001,Hennepin,802,390,5379,20208.0,8861,52058,3.76,11524,250630.0,179142,336504,21.75
270531099002,Hennepin,495,84,4613,14226.0,6742,29604,3.08,8224,222570.0,95298,328932,27.06
270531099003,Hennepin,314,6,4576,27941.0,12071,109030,6.11,10792,278805.0,117550,387219,25.83
270531099004,Hennepin,519,179,3409,21173.0,6645,73614,6.21,11727,243595.0,49363,367722,20.77
270531100001,Hennepin,440,93,3869,68673.0,11308,182880,17.75,12590,299762.0,211361,382703,23.81
270531100002,Hennepin,324,4,3622,60879.0,6944,195472,16.81,9277,279302.0,111540,390895,30.11
270531101001,Hennepin,618,106,2257,6569.0,2257,48733,2.91,8133,155012.0,33472,302455,19.06
270531101002,Hennepin,461,41,2546,23466.0,2550,76758,9.22,9367,218532.0,46494,320705,23.33
270531101003,Hennepin,439,100,2940,17438.0,3395,71740,5.93,7541,203415.0,45299,309354,26.97
270531102001,Hennepin,665,104,4895,34709.0,6791,95499,7.09,10090,261316.0,158630,312749,25.9
270531102002,Hennepin,456,16,2669,9262.0,2916,50069,3.47,7384,184465.0,59559,332108,24.98
270531102003,Hennepin,441,117,3442,20615.0,4287,69007,5.99,6781,222922.0,72053,366972,32.87
270531102004,Hennepin,546,161,3518,44584.0,4474,143473,12.67,7363,267995.0,187309,328323,36.4
270531104001,Hennepin,990,456,4102,22711.0,5654,82045,5.54,9358,220229.0,85587,315554,23.53
270531104002,Hennepin,935,784,3324,12706.0,3324,32147,3.82,7695,154240.0,31446,295284,20.04
270531105001,Hennepin,320,179,1874,8449.0,1874,49334,4.51,5945,98887.0,12823,261347,16.63
270531105002,Hennepin,756,1050,3940,13115.0,4485,25012,3.33,11341,168602.0,58885,287068,14.87
270531105003,Hennepin,914,396,2777,27488.0,5485,64489,9.9,11509,254208.0,122316,358183,22.09
270531105004,Hennepin,312,75,3384,9144.0,3558,54051,2.7,6647,112126.0,28293,286612,16.87
270531105005,Hennepin,409,76,2167,7151.0,2167,21496,3.3,5812,83964.0,15103,235672,14.45
270531108001,Hennepin,364,333,3574,85182.0,12168,160405,23.83,7701,319680.0,234425,398297,41.51
270531108002,Hennepin,767,332,3442,41521.0,6408,135860,12.06,7065,282620.0,157215,381881,40.0
270531108003,Hennepin,622,113,3958,19134.0,5924,61506,4.83,7577,250086.0,133722,347965,33.01
270531108004,Hennepin,627,268,3541,37267.0,9126,133263,10.52,7318,279172.0,188873,384628,38.15
270531109001,Hennepin,649,117,3277,54343.0,5416,166337,16.58,6639,298992.0,220347,391899,45.04
270531109002,Hennepin,626,100,3567,45742.0,5076,154664,12.82,7088,272892.0,114946,368197,38.5
270531109003,Hennepin,654,294,3031,67353.0,4874,182424,22.22,6753,309594.0,220347,403947,45.85
270531111001,Hennepin,292,217,757,2974.0,757,15853,3.93,3835,95066.0,11043,302455,24.79
270531111002,Hennepin,461,22,2356,13544.0,2663,49478,5.75,5522,170450.0,74229,268765,30.87
270531111003,Hennepin,522,152,2517,48376.0,25644,88303,19.22,6445,276253.0,198437,370431,42.86
270531111004,Hennepin,656,48,2418,19935.0,3461,83416,8.24,5277,201142.0,79800,295452,38.12
270531112001,Hennepin,655,419,5236,37248.0,5236,50840,7.11,7555,108365.0,53690,240184,14.34
270531112002,Hennepin,481,442,4879,42410.0,5487,65650,8.69,7605,123348.0,52584,271348,16.22
270531112003,Hennepin,564,58,4959,42231.0,5760,61427,8.52,39114,87855.0,55687,188092,2.25
270531113001,Hennepin,469,186,2761,8757.0,2761,47893,3.17,7466,96527.0,30934,243670,12.93
270531113002,Hennepin,639,184,1810,10640.0,1810,60414,5.88,7432,95205.0,14163,243670,12.81
270531113003,Hennepin,497,46,2794,24710.0,2871,78045,8.84,7833,138339.0,29735,258189,17.66
270531113004,Hennepin,419,116,2889,24392.0,3078,64581,8.44,6803,126437.0,63783,245740,18.59
270531113005,Hennepin,455,179,1817,15361.0,1817,62780,8.45,8933,104640.0,12580,303635,11.71
270531114001,Hennepin,495,100,3312,24707.0,5823,74497,7.46,7621,195271.0,84529,347965,25.62
270531114002,Hennepin,407,150,3335,24263.0,8421,67183,7.28,7126,220734.0,90412,347965,30.98
270531114003,Hennepin,406,90,4096,15682.0,8467,50122,3.83,6532,189414.0,82964,289614,29.0
270531114004,Hennepin,697,85,4091,8342.0,4091,55758,2.04,7138,102017.0,25938,285228,14.29
270531115001,Hennepin,629,33,3332,10425.0,5295,16060,3.13,7903,175400.0,46400,289249,22.19
270531115002,Hennepin,619,276,4473,28389.0,7274,124016,6.35,9753,215869.0,37703,364409,22.13
270531115003,Hennepin,402,253,2801,17412.0,6408,92679,6.22,7043,237305.0,140137,335704,33.69
270531115004,Hennepin,558,521,4233,18189.0,4233,115544,4.3,9942,168329.0,28717,306944,16.93
270531115005,Hennepin,511,484,3442,15718.0,3744,121666,4.57,7635,144231.0,30602,314105,18.89
270531116001,Hennepin,307,177,2149,20516.0,3002,70809,9.55,5559,237247.0,120694,365463,42.68
270531116002,Hennepin,535,146,1841,21132.0,6548,41497,11.48,5308,221991.0,109577,326917,41.82
270531116003,Hennepin,429,25,1358,5051.0,1358,78439,3.72,4967,73374.0,13101,255423,14.77
270531116004,Hennepin,395,12,3272,9892.0,4332,57160,3.02,7218,231945.0,148182,309036,32.13
270531225001,Hennepin,450,549,13847,14527.0,13847,20126,1.05,16830,28945.0,18274,80382,1.72
270531225002,Hennepin,1037,41,3965,6752.0,3965,15601,1.7,17067,37684.0,22355,165700,2.21
270531225003,Hennepin,544,53,5308,13242.0,5881,69774,2.49,16097,79993.0,26548,219760,4.97
270531226001,Hennepin,833,62,4504,13695.0,6748,65986,3.04,16108,93476.0,28340,219491,5.8
270531226002,Hennepin,586,1958,3574,6490.0,3574,15044,1.82,21276,38723.0,23637,155968,1.82
270531255001,Hennepin,479,129,7743,9960.0,7743,16703,1.29,20028,38080.0,20763,81933,1.9
270531255002,Hennepin,625,4898,8392,20510.0,9443,62770,2.44,22639,105756.0,34711,305981,4.67
270531255004,Hennepin,789,2305,11261,23128.0,11261,48329,2.05,25098,107769.0,33560,225869,4.29
270531256001,Hennepin,423,153,7203,19681.0,7203,79023,2.73,40351,179903.0,63232,377538,4.46
270531256002,Hennepin,435,840,8689,63984.0,14201,104735,7.36,41063,291794.0,201515,400127,7.11
270531256003,Hennepin,1149,2058,34585,139462.0,88039,207120,4.03,41942,363733.0,307931,427931,8.67
270531257001,Hennepin,519,429,8609,17570.0,9204,55933,2.04,12297,188660.0,83512,240136,15.34
270531257002,Hennepin,366,15,4234,13106.0,5576,44742,3.1,13260,174877.0,80605,239654,13.19
270531257003,Hennepin,630,188,4693,38855.0,5025,147933,8.28,14798,211069.0,165535,300884,14.26
270531258001,Hennepin,413,4785,37488,160845.0,56634,227659,4.29,141858,306823.0,261548,373297,2.16
270531258002,Hennepin,486,879,37227,140096.0,45323,219025,3.76,64030,311385.0,251125,379211,4.86
270531258003,Hennepin,401,511,31429,119411.0,40674,212349,3.8,52688,314821.0,264809,383081,5.98
270531258004,Hennepin,436,11336,33168,137002.0,46088,211587,4.13,62429,312313.0,268781,388822,5.0
270531259001,Hennepin,434,645,32561,89382.0,39005,197940,2.75,48866,312914.0,261829,370804,6.4
270531259002,Hennepin,600,189,36850,147357.0,39899,231558,4.0,89055,318246.0,262225,382229,3.57
270531259003,Hennepin,473,455,35710,88313.0,39556,200654,2.47,51082,287777.0,246211,344623,5.63
270531260001,Hennepin,218,219,38046,162598.0,51699,218436,4.27,75598,310565.0,266024,380806,4.11
270531260002,Hennepin,386,2327,39529,156884.0,53030,211583,3.97,141890,302445.0,263803,363460,2.13
270531260003,Hennepin,515,2129,35718,172455.0,85382,227178,4.83,108546,322952.0,281893,412476,2.98
270531260004,Hennepin,488,616,36364,173601.0,52394,226517,4.77,63140,326331.0,278365,407339,5.17
270531261011,Hennepin,936,2702,153475,220587.0,167992,253727,1.44,201858,392132.0,347131,467589,1.94
270531261012,Hennepin,313,529,146246,233857.0,194834,270417,1.6,177389,422974.0,341707,518998,2.38
270531261013,Hennepin,249,1847,151675,219661.0,172702,252210,1.45,173169,397619.0,344346,475104,2.3
270531261021,Hennepin,692,32224,150372,231576.0,202616,258110,1.54,203482,424033.0,361462,478941,2.08
270531261022,Hennepin,542,3560,141975,239029.0,214979,274342,1.68,209513,434715.0,387793,492428,2.07
270531261023,Hennepin,1282,1861,101860,206330.0,185569,229884,2.03,196054,380994.0,333910,430386,1.94
270531261024,Hennepin,1081,26762,159648,257429.0,234103,291113,1.61,180946,480618.0,384246,559288,2.66
270531261025,Hennepin,223,7375,147157,239313.0,199504,264446,1.63,179585,442391.0,364065,525121,2.46
270531262011,Hennepin,367,3131,138517,171887.0,149216,196618,1.24,170483,331469.0,290912,390413,1.94
270531262012,Hennepin,663,1547,38130,176000.0,76537,219993,4.62,163912,309770.0,253299,369878,1.89
270531262013,Hennepin,714,6106,124857,191590.0,158358,219587,1.53,171736,349562.0,312361,408376,2.04
270531262021,Hennepin,1049,95,125348,174766.0,140655,213770,1.39,173538,314834.0,277537,358226,1.81
270531262022,Hennepin,706,2462,39628,153121.0,76472,201706,3.86,163318,284188.0,244025,331188,1.74
270531262023,Hennepin,673,4333,144993,221847.0,176406,260604,1.53,177779,397839.0,329940,518548,2.24
270531262024,Hennepin,850,1084,39062,143564.0,75277,188855,3.68,163766,281030.0,241954,317799,1.72
270531263001,Hennepin,291,1191,8616,62872.0,15801,163087,7.3,30165,226721.0,173866,306184,7.52
270531263002,Hennepin,9,1491,27303,120014.0,33439,210174,4.4,49472,274907.0,196328,345305,5.56
270531263003,Hennepin,239,234,14619,94080.0,22510,170591,6.44,47645,256669.0,195656,339463,5.39
270531263004,Hennepin,459,733,10004,105293.0,21743,182145,10.53,46686,260435.0,194526,333370,5.58
270539800001,Hennepin,85,14622,15123,15766.0,15123,20540,1.04,17285,27682.0,22563,64731,1.6
270539801001,Hennepin,27,4547,6760,48595.0,7600,95404,7.19,8801,244031.0,138277,341658,27.73
270539801002,Hennepin,145,1753,6723,25617.0,6723,63062,3.81,8284,180835.0,78926,288682,21.83
271230301001,Ramsey,582,427,7552,20528.0,7622,56433,2.72,13446,177224.0,77776,286438,13.18
271230301002,Ramsey,462,144,7034,36166.0,12393,81742,5.14,17272,238740.0,136515,381037,13.82
271230301003,Ramsey,351,1410,6607,39744.0,11882,90789,6.02,12858,256374.0,109182,388695,19.94
271230301004,Ramsey,377,406,7061,34127.0,13677,80512,4.83,22593,227644.0,101660,365322,10.08
271230301005,Ramsey,381,577,7194,23216.0,7264,54579,3.23,16186,190450.0,85724,346204,11.77
271230302011,Ramsey,677,95,1607,12612.0,2341,37676,7.85,8598,133772.0,41551,309962,15.56
271230302012,Ramsey,566,290,2675,9939.0,4126,25130,3.72,16534,102154.0,42788,197297,6.18
271230302013,Ramsey,897,1014,7703,22777.0,10125,50263,2.96,15845,186595.0,97083,299027,11.78
271230302014,Ramsey,437,38,4013,11168.0,5882,26297,2.78,18004,120031.0,57751,214584,6.67
271230302021,Ramsey,789,2131,7047,21143.0,7047,70077,3.0,14580,133883.0,24259,250372,9.18
271230302023,Ramsey,487,414,8184,20597.0,9828,41561,2.52,16141,167551.0,89168,244438,10.38
271230303001,Ramsey,974,39,1181,5491.0,1181,19885,4.65,4896,61426.0,7921,188260,12.55
271230303002,Ramsey,714,144,1664,7176.0,1664,21829,4.31,5833,79835.0,7718,188260,13.69
271230303003,Ramsey,504,347,3134,11606.0,3134,34457,3.7,12936,114758.0,30153,239084,8.87
271230303004,Ramsey,787,93,1732,4486.0,1732,16342,2.59,5336,59485.0,10439,221968,11.15
271230304001,Ramsey,740,824,1867,9922.0,1867,38761,5.31,6489,77618.0,15433,177196,11.96
271230304002,Ramsey,758,209,1279,3060.0,1279,12979,2.39,3531,39301.0,6315,146182,11.13
271230304003,Ramsey,470,7,2755,9538.0,2755,56673,3.46,6355,81187.0,15840,187335,12.78
271230304004,Ramsey,885,110,3572,8528.0,3572,27991,2.39,6763,88878.0,12508,221945,13.14
271230305001,Ramsey,632,137,1778,7216.0,1778,19593,4.06,5987,67476.0,15085,144282,11.27
271230305002,Ramsey,351,1141,4050,8777.0,4194,26618,2.17,5154,73607.0,24531,120023,14.28
271230305003,Ramsey,530,637,3461,14852.0,3461,50771,4.29,19738,79990.0,32448,136490,4.05
271230305004,Ramsey,299,5,1705,14506.0,2017,57209,8.51,6220,89520.0,37510,157454,14.39
271230305005,Ramsey,474,186,1663,11860.0,1663,57209,7.13,7456,81297.0,36017,157454,10.9
271230306011,Ramsey,832,10,1553,4553.0,1553,20346,2.93,5733,54667.0,6557,102634,9.54
271230306012,Ramsey,582,79,2032,15482.0,2032,52799,7.62,6923,82132.0,12040,139880,11.86
271230306013,Ramsey,455,10,2042,6844.0,2042,46911,3.35,8441,65150.0,9546,114408,7.72
271230306014,Ramsey,605,59,2820,17100.0,2820,55164,6.06,11266,80940.0,19866,146393,7.18
271230306021,Ramsey,471,35,460,1637.0,460,8589,3.56,2454,16729.0,2676,53182,6.82
271230306022,Ramsey,405,103,2640,13394.0,2640,48187,5.07,5876,85774.0,26622,144809,14.6
271230306023,Ramsey,335,25,2913,8029.0,2913,42188,2.76,6910,76060.0,41940,111095,11.01
271230306024,Ramsey,307,24,1389,9695.0,1389,64330,6.98,5527,63843.0,10702,123058,11.55
271230306025,Ramsey,681,96,1203,9603.0,1203,41087,7.98,4492,68499.0,18090,126418,15.25
271230307021,Ramsey,658,17,929,2267.0,929,8021,2.44,4855,24475.0,13160,56132,5.04
271230307022,Ramsey,485,12,555,1995.0,555,6200,3.59,4732,26634.0,10913,58310,5.63
271230307023,Ramsey,382,13,2973,13149.0,4481,30153,4.42,6168,68509.0,24101,93375,11.11
271230307024,Ramsey,391,116,1245,12180.0,2753,26397,9.78,5715,69621.0,34120,92785,12.18
271230307025,Ramsey,433,99,2132,10507.0,2931,26901,4.93,3244,53384.0,18598,87425,16.46
271230307026,Ramsey,495,118,2077,10710.0,3829,25191,5.16,5743,62373.0,20792,88039,10.86
271230307031,Ramsey,510,428,2428,10889.0,3092,23953,4.48,5953,60282.0,19368,90069,10.13
271230307032,Ramsey,510,56,1843,10939.0,2936,25231,5.94,5227,64738.0,32787,91858,12.39
271230307033,Ramsey,1133,183,1931,3476.0,1931,8771,1.8,4119,33599.0,6871,84976,8.16
271230307041,Ramsey,694,107,1720,9817.0,1720,26205,5.71,6104,73661.0,18861,98178,12.07
271230307042,Ramsey,613,14,2084,9204.0,2084,23763,4.42,5730,61151.0,20603,91858,10.67
271230307043,Ramsey,786,28,3505,14668.0,4632,39453,4.18,5119,75874.0,21013,111504,14.82
271230308001,Ramsey,728,90,4267,22842.0,4267,62940,5.35,8606,109728.0,54713,187909,12.75
271230308002,Ramsey,455,299,5914,34634.0,5914,68156,5.86,9588,122985.0,56642,204006,12.83
271230308003,Ramsey,461,118,5083,47102.0,7829,82088,9.27,21198,148071.0,83162,244091,6.99
271230308004,Ramsey,705,930,3601,18967.0,3601,48781,5.27,11155,105131.0,58588,156072,9.42
271230309001,Ramsey,410,12,3646,17258.0,3723,60935,4.73,21379,97782.0,74072,119193,4.57
271230309002,Ramsey,369,160,5606,29751.0,5632,60643,5.31,28092,101086.0,75114,123102,3.6
271230309003,Ramsey,762,143,4506,30497.0,4506,81150,6.77,27908,103638.0,51582,154120,3.71
271230310001,Ramsey,366,518,3542,34699.0,4396,70869,9.8,5721,105215.0,67009,147417,18.39
271230310002,Ramsey,367,400,4635,34614.0,4635,75125,7.47,20888,106358.0,62594,160968,5.09
271230310003,Ramsey,447,92,4129,45180.0,5359,72528,10.94,20853,111270.0,80356,148633,5.34
271230310004,Ramsey,596,303,4215,28611.0,4215,64539,6.79,21482,100080.0,66842,124442,4.66
271230311001,Ramsey,799,222,3276,20296.0,3368,46727,6.2,7033,88240.0,48193,119690,12.55
271230311002,Ramsey,688,553,4875,28256.0,4982,58625,5.8,19687,96455.0,64894,133958,4.9
271230311003,Ramsey,551,77,3065,22128.0,3396,47138,7.22,7350,90620.0,54012,124301,12.33
271230312001,Ramsey,772,55,4275,11651.0,4275,28504,2.73,14597,104286.0,30255,181898,7.14
271230312002,Ramsey,366,180,8625,31708.0,8625,96103,3.68,16560,141391.0,41068,276352,8.54
271230312003,Ramsey,447,49,7521,23631.0,7521,81728,3.14,12448,132625.0,45279,272199,10.65
271230313001,Ramsey,671,313,5377,47077.0,7649,82088,8.76,22003,142861.0,82894,244091,6.49
271230313002,Ramsey,325,1008,5639,46165.0,6577,84151,8.19,23410,150766.0,76538,232570,6.44
271230314001,Ramsey,381,312,5233,33613.0,5233,66550,6.42,35419,106881.0,56361,172526,3.02
271230314002,Ramsey,806,382,5560,10730.0,5560,38708,1.93,25817,80704.0,56411,117045,3.13
271230315001,Ramsey,601,181,17735,41957.0,18294,74362,2.37,30302,101002.0,75417,117072,3.33
271230315002,Ramsey,589,575,17991,52313.0,20038,74144,2.91,27969,112924.0,74631,156249,4.04
271230316001,Ramsey,677,20,4963,12345.0,4963,31870,2.49,20045,71520.0,24980,105948,3.57
271230316002,Ramsey,391,492,17075,40943.0,17075,81692,2.4,22217,110293.0,74516,172478,4.96
271230316003,Ramsey,636,160,5973,29854.0,5973,70229,5.0,21886,96177.0,64894,133359,4.39
271230317011,Ramsey,721,386,4385,39536.0,17424,69302,9.02,21658,95755.0,75751,120487,4.42
271230317012,Ramsey,428,589,17349,52005.0,17908,73184,3.0,27370,109266.0,80829,133360,3.99
271230317021,Ramsey,375,410,3192,20619.0,3192,45206,6.46,19999,75591.0,46680,100010,3.78
271230317022,Ramsey,651,92,2952,9275.0,3251,25354,3.14,6633,63935.0,23539,90273,9.64
271230317023,Ramsey,439,564,2019,14286.0,2241,37911,7.08,7338,82030.0,45313,107614,11.18
271230317024,Ramsey,499,20,3605,24323.0,4194,50983,6.75,7054,82049.0,51310,110039,11.63
271230317025,Ramsey,294,84,1786,9730.0,1786,21032,5.45,8133,66346.0,34613,85469,8.16
271230318011,Ramsey,476,100,3682,11535.0,4725,27997,3.13,6120,70128.0,35823,94152,11.46
271230318012,Ramsey,305,118,3888,17126.0,5548,28502,4.4,7424,79237.0,51414,96835,10.67
271230318013,Ramsey,606,39,3808,23326.0,6318,48317,6.13,7582,83880.0,62722,113897,11.06
271230318014,Ramsey,556,137,3236,10851.0,3964,23643,3.35,6080,67182.0,32359,93209,11.05
271230318015,Ramsey,408,1636,3798,19731.0,5696,46000,5.2,5815,78953.0,57486,110039,13.58
271230318021,Ramsey,846,450,2924,2986.0,2924,3581,1.02,3620,14894.0,5350,32493,4.11
271230318022,Ramsey,634,23,2848,4193.0,2848,9852,1.47,6386,37790.0,20843,67077,5.92
271230318023,Ramsey,668,184,3759,10191.0,4156,21224,2.71,5828,57685.0,25292,87212,9.9
271230319001,Ramsey,1171,9796,18313,83657.0,38595,120553,4.57,25928,342357.0,254451,415023,13.2
271230319002,Ramsey,616,1795,7148,14579.0,7148,31384,2.04,29917,171889.0,112389,274884,5.75
271230320001,Ramsey,699,60,15506,23390.0,15506,38258,1.51,25585,133247.0,60974,257859,5.21
271230320002,Ramsey,688,2818,7838,21319.0,7838,44823,2.72,31226,219996.0,114073,315803,7.05
271230321001,Ramsey,668,1256,8173,38570.0,10650,86779,4.72,22305,261196.0,176724,344515,11.71
271230321002,Ramsey,341,122,7860,30921.0,7860,54233,3.93,35784,290420.0,176650,354160,8.12
271230321003,Ramsey,368,195,7621,30271.0,8031,60394,3.97,28839,187934.0,76619,299368,6.52
271230322001,Ramsey,476,134,10555,22482.0,10555,61146,2.13,20755,124125.0,44999,234541,5.98
271230322002,Ramsey,346,170,13855,33659.0,16621,94120,2.43,25192,269099.0,179039,348812,10.68
271230322003,Ramsey,411,43,16653,32135.0,17063,84376,1.93,22933,182530.0,95623,271358,7.96
271230323001,Ramsey,621,313,11210,27489.0,11210,86779,2.45,20072,126138.0,46828,257264,6.28
271230323002,Ramsey,566,146,10135,33315.0,10135,103666,3.29,22496,158708.0,73384,283154,7.05
271230323003,Ramsey,667,267,9474,27900.0,13403,51645,2.94,26933,201694.0,133919,309603,7.49
271230324001,Ramsey,445,410,7073,43436.0,7073,112552,6.14,19020,173406.0,74702,355640,9.12
271230324002,Ramsey,530,37,7969,30158.0,8115,90308,3.78,16066,129003.0,80339,259172,8.03
271230324003,Ramsey,353,278,6569,29848.0,6569,103672,4.54,19383,136627.0,56013,289427,7.05
271230325001,Ramsey,438,502,9704,41880.0,14400,74548,4.32,27013,178984.0,122407,263562,6.63
271230325002,Ramsey,449,45,9293,38559.0,10932,67804,4.15,21450,184262.0,124508,262737,8.59
271230325003,Ramsey,315,952,7832,38148.0,9657,91642,4.87,25858,201875.0,107235,302006,7.81
271230325004,Ramsey,390,21,7027,29696.0,7488,65208,4.23,22206,190964.0,89910,290670,8.6
271230326001,Ramsey,353,619,10359,52605.0,16015,85236,5.08,27109,184719.0,120772,247544,6.81
271230326002,Ramsey,304,154,8710,37041.0,9266,84790,4.25,23713,135920.0,89428,254604,5.73
271230326003,Ramsey,310,71,18922,53215.0,25908,80159,2.81,47781,188352.0,122407,272726,3.94
271230326004,Ramsey,354,780,7892,30865.0,7892,61814,3.91,24983,120265.0,73880,197155,4.81
271230327001,Ramsey,634,291,18735,62630.0,24770,104016,3.34,59446,184131.0,117690,320742,3.1
271230327003,Ramsey,339,755,21258,65804.0,44026,104279,3.1,73632,188601.0,135001,333962,2.56
271230330001,Ramsey,431,5587,23326,60551.0,37964,80935,2.6,67901,120227.0,87243,253067,1.77
271230330002,Ramsey,448,1899,22242,51606.0,22334,68966,2.32,51075,104485.0,80438,154294,2.05
271230331001,Ramsey,255,599,16327,62321.0,23971,81813,3.82,27875,125740.0,90988,176256,4.51
271230331002,Ramsey,333,12397,21696,63263.0,38613,79364,2.92,44145,120616.0,84604,169772,2.73
271230332001,Ramsey,185,3594,19093,97305.0,42397,145553,5.1,26269,360546.0,285403,441018,13.73
271230332002,Ramsey,789,1082,19853,58425.0,30515,111951,2.94,32295,309511.0,211498,368884,9.58
271230332003,Ramsey,1054,1986,10613,71254.0,14850,128545,6.71,25425,322207.0,217164,412943,12.67
271230333001,Ramsey,711,112,10374,39053.0,13984,82681,3.76,30132,286238.0,139844,420827,9.5
271230333002,Ramsey,335,207,19618,37865.0,23151,56826,1.93,27189,237066.0,105051,358594,8.72
271230333003,Ramsey,452,212,15513,45974.0,24056,163529,2.96,25424,255079.0,110297,389037,10.03
271230334001,Ramsey,3,442,13140,47605.0,20905,98361,3.62,27137,310762.0,232140,369332,11.45
271230334002,Ramsey,440,2322,9304,23717.0,11473,41766,2.55,28659,193764.0,105680,276475,6.76
271230334003,Ramsey,594,1125,12251,92044.0,36297,195325,7.51,33682,354673.0,261257,427537,10.53
271230334004,Ramsey,592,1853,10574,31144.0,10841,64198,2.95,21628,258605.0,132871,361900,11.96
271230335001,Ramsey,634,524,7051,27116.0,10260,59752,3.85,30535,162576.0,106323,237451,5.32
271230335002,Ramsey,374,6,12953,33776.0,15393,62314,2.61,22943,153042.0,107042,232195,6.67
271230335003,Ramsey,483,594,12350,29169.0,14584,69060,2.36,24264,180821.0,104576,256368,7.45
271230336001,Ramsey,626,381,8775,29146.0,9024,57568,3.32,63378,119241.0,90860,170025,1.88
271230337001,Ramsey,289,265,20752,56588.0,35830,75469,2.73,65662,175884.0,106964,245795,2.68
271230337002,Ramsey,293,794,41297,63431.0,48544,75644,1.54,65899,149920.0,118217,188956,2.27
271230338001,Ramsey,447,34,11969,62756.0,32205,77573,5.24,23258,189149.0,134121,331764,8.13
271230338002,Ramsey,407,45,14369,43332.0,17718,73070,3.02,24267,151456.0,94641,246537,6.24
271230339001,Ramsey,360,128,10732,57194.0,22651,77407,5.33,33903,145002.0,100733,231702,4.28
271230339002,Ramsey,388,434,7303,60442.0,27859,87584,8.28,56700,158367.0,108453,214997,2.79
271230340001,Ramsey,546,608,39124,59499.0,48842,81473,1.52,63476,153604.0,121181,289083,2.42
271230340002,Ramsey,417,405,17780,60003.0,40658,80996,3.37,65152,153224.0,113856,289083,2.35
271230342011,Ramsey,325,2942,63022,111263.0,96776,172158,1.77,86027,317307.0,171742,401680,3.69
271230342012,Ramsey,532,3902,64494,115734.0,98772,159391,1.79,86201,324876.0,184641,408343,3.77
271230342013,Ramsey,915,1909,42276,93352.0,83681,105443,2.21,82288,263750.0,151130,344993,3.21
271230342014,Ramsey,13,2832,64462,114040.0,99821,178649,1.77,85322,322706.0,173860,416962,3.78
271230342015,Ramsey,18,4590,62282,123887.0,98257,238234,1.99,86036,346604.0,186376,443792,4.03
271230342016,Ramsey,406,9954,63754,115999.0,95909,235119,1.82,86466,329613.0,171597,436788,3.81
271230342031,Ramsey,504,323,61435,92952.0,81079,103047,1.51,83842,253553.0,149525,320762,3.02
271230342032,Ramsey,648,559,49849,104874.0,92249,133807,2.1,84348,301637.0,169352,390861,3.58
271230342033,Ramsey,351,949,61435,103288.0,91513,135827,1.68,85127,295620.0,157431,390861,3.47
271230342041,Ramsey,509,2056,61693,100218.0,77705,123046,1.62,84503,286604.0,163001,383192,3.39
271230342042,Ramsey,348,579,56997,89669.0,66121,151053,1.57,73134,295619.0,154301,383300,4.04
271230342043,Ramsey,272,386,62404,100994.0,76004,138654,1.62,85612,301502.0,175247,399084,3.52
271230344001,Ramsey,359,6,13136,26745.0,13136,60413,2.04,22952,83285.0,53544,113986,3.63
271230344002,Ramsey,709,81,19861,65546.0,53784,78413,3.3,41213,136827.0,107372,253969,3.32
271230345001,Ramsey,760,17,15903,61505.0,42999,72180,3.87,24461,120818.0,96043,141500,4.94
271230345002,Ramsey,430,333,15389,45269.0,16085,64854,2.94,24064,107953.0,83977,128193,4.49
271230345003,Ramsey,600,2,14897,43516.0,15593,64749,2.92,23260,106512.0,84081,124744,4.58
271230346011,Ramsey,772,241,1861,19325.0,1942,44741,10.38,17305,86330.0,64608,109765,4.99
271230346012,Ramsey,793,191,16527,34790.0,17327,65502,2.11,20063,92833.0,75275,113726,4.63
271230346013,Ramsey,675,59,3106,42596.0,5358,65540,13.71,17559,103170.0,72999,129163,5.88
271230346021,Ramsey,507,368,3700,11565.0,4186,34830,3.13,8143,71149.0,43983,103978,8.74
271230346022,Ramsey,509,26,3093,15595.0,3174,42001,5.04,20011,77059.0,55552,102172,3.85
271230346023,Ramsey,587,382,2046,43214.0,20637,58263,21.12,5491,109657.0,89545,153037,19.97
271230346024,Ramsey,489,15,1693,14145.0,3050,42971,8.35,7418,79731.0,61315,110816,10.75
271230347011,Ramsey,688,174,4386,20561.0,5524,53153,4.69,7596,88619.0,53251,118221,11.67
271230347012,Ramsey,528,498,2812,12367.0,3126,40085,4.4,7198,79823.0,56288,113787,11.09
271230347013,Ramsey,1090,652,2568,40289.0,5786,66138,15.69,6608,114627.0,92422,136427,17.35
271230347021,Ramsey,543,605,1540,14068.0,2932,45640,9.13,3752,93646.0,66061,119395,24.96
271230347022,Ramsey,372,100,2145,5431.0,2716,18518,2.53,4103,70167.0,48447,88947,17.1
271230347023,Ramsey,329,80,4173,13650.0,5114,26307,3.27,6864,80669.0,47951,97702,11.75
271230347024,Ramsey,818,57,2162,8887.0,3327,20859,4.11,6443,65168.0,40998,91200,10.11
271230349001,Ramsey,303,93,3227,31638.0,12819,56404,9.8,12693,166766.0,71686,344844,13.14
271230349002,Ramsey,383,156,2116,29999.0,9191,51434,14.18,11225,167981.0,68021,333965,14.96
271230349003,Ramsey,280,26,3398,27686.0,7267,50031,8.15,28819,195580.0,85544,322215,6.79
271230349004,Ramsey,611,35,1983,28922.0,7798,62946,14.58,26844,179533.0,87666,349340,6.69
271230350001,Ramsey,402,316,9438,32740.0,16833,57699,3.47,25316,225734.0,115716,350393,8.92
271230350002,Ramsey,450,30,12076,22138.0,16306,37300,1.83,17046,143837.0,87170,265195,8.44
271230350003,Ramsey,441,57,8523,22238.0,12117,37508,2.61,30107,139422.0,86156,292515,4.63
271230351001,Ramsey,432,132,3642,24945.0,12600,44627,6.85,14916,134038.0,76022,272557,8.99
271230351002,Ramsey,417,357,6288,15893.0,10391,27359,2.53,18535,98075.0,61741,153165,5.29
271230351003,Ramsey,400,1053,10753,47888.0,18665,95609,4.45,21889,237734.0,105828,406480,10.86
271230352001,Ramsey,723,159,10738,39255.0,18658,73396,3.66,24319,193890.0,114490,303458,7.97
271230352002,Ramsey,415,2355,14681,45839.0,18860,84922,3.12,20532,192659.0,110953,326979,9.38
271230352003,Ramsey,545,115,7802,21543.0,11876,38002,2.76,17311,127274.0,84331,288720,7.35
271230353001,Ramsey,606,204,16209,56921.0,21448,87958,3.51,23195,181071.0,107071,293961,7.81
271230353002,Ramsey,471,1,16993,53097.0,18929,92520,3.12,21925,218771.0,104370,392901,9.98
271230353003,Ramsey,452,1557,9907,45669.0,14657,73046,4.61,20438,146266.0,97377,254313,7.16
271230353004,Ramsey,559,633,13466,40148.0,14642,63918,2.98,20697,132699.0,100571,203120,6.41
271230355001,Ramsey,474,233,15676,59112.0,31751,79191,3.77,41308,148291.0,97376,202532,3.59
271230355002,Ramsey,224,130,30899,61643.0,37466,91147,1.99,67428,151319.0,111904,283795,2.24
271230355003,Ramsey,442,416,18263,53118.0,30986,69322,2.91,63248,134197.0,96047,196041,2.12
271230357001,Ramsey,820,104,10349,39781.0,12908,66032,3.84,18700,132534.0,87154,236252,7.09
271230357002,Ramsey,492,20,9556,35425.0,10581,61738,3.71,26486,106539.0,65173,159776,4.02
271230358001,Ramsey,742,180,14102,46900.0,30198,61392,3.33,62652,121407.0,93817,150547,1.94
271230358002,Ramsey,331,152,17252,52745.0,21798,83250,3.06,42755,134722.0,78863,199466,3.15
271230358003,Ramsey,517,301,18339,66352.0,42839,98445,3.62,40493,167047.0,104278,296567,4.13
271230359001,Ramsey,616,9566,31271,76188.0,61446,106545,2.44,68817,197477.0,131013,316819,2.87
271230360001,Ramsey,286,494,25339,67376.0,47405,106042,2.66,50819,173801.0,130441,310149,3.42
271230360002,Ramsey,639,2562,44160,82754.0,64925,107014,1.87,72899,238637.0,142249,343103,3.27
271230360003,Ramsey,618,32,27089,32099.0,27089,39921,1.18,60780,94389.0,79355,108182,1.55
271230361002,Ramsey,604,1039,5263,54335.0,18845,86568,10.32,30281,126774.0,81462,267196,4.19
271230361003,Ramsey,7,2142,4935,13589.0,4935,36238,2.75,24485,72333.0,42853,103169,2.95
271230363001,Ramsey,273,188,5003,16595.0,5239,37492,3.32,12108,110260.0,58099,276987,9.11
271230363002,Ramsey,389,20,4114,14919.0,6810,39524,3.63,8877,110851.0,50679,302850,12.49
271230363003,Ramsey,456,62,5174,19614.0,7209,66066,3.79,8569,137353.0,76111,302850,16.03
271230363004,Ramsey,743,1631,4581,7439.0,4750,24488,1.62,6843,72520.0,31462,228126,10.6
271230364001,Ramsey,643,109,5664,10881.0,5664,24316,1.92,11275,84939.0,40770,116314,7.53
271230364002,Ramsey,607,340,4360,15158.0,6288,38789,3.48,10854,101556.0,42926,198462,9.36
271230364003,Ramsey,352,317,4775,7491.0,4950,15804,1.57,8891,72529.0,28583,137570,8.16
271230364004,Ramsey,517,115,4505,14251.0,6433,29432,3.16,14004,108965.0,56828,231678,7.78
271230365001,Ramsey,484,252,2043,5603.0,2204,18999,2.74,9537,65520.0,28151,98846,6.87
271230365002,Ramsey,651,202,6820,15642.0,8897,29698,2.29,13153,108950.0,54384,231678,8.28
271230365003,Ramsey,457,97,1762,7374.0,3221,13055,4.19,12702,84063.0,30855,153152,6.62
271230365004,Ramsey,602,35,6161,18513.0,7031,31782,3.0,17907,95979.0,56917,136441,5.36
271230366001,Ramsey,454,126,4570,8530.0,4846,18427,1.87,12616,69329.0,34504,92233,5.5
271230366002,Ramsey,412,169,2539,34228.0,13526,62102,13.48,15183,126540.0,88668,179748,8.33
271230366003,Ramsey,518,126,6279,32869.0,12616,77905,5.23,16472,122590.0,88757,216739,7.44
271230366004,Ramsey,483,116,8228,38317.0,11428,96017,4.66,18689,135550.0,91138,267102,7.25
271230366005,Ramsey,382,52,4322,9113.0,4322,16720,2.11,9508,74332.0,46299,112851,7.82
271230367001,Ramsey,501,178,9402,21494.0,9402,63284,2.29,17409,99363.0,68410,164937,5.71
271230367002,Ramsey,420,125,4268,43440.0,25717,71814,10.18,9337,129984.0,88034,265522,13.92
271230367003,Ramsey,1361,3108,4030,16098.0,4959,42800,3.99,7101,88201.0,56629,138087,12.42
271230367004,Ramsey,429,98,4531,46451.0,16251,85578,10.25,15106,138355.0,85060,191206,9.16
271230368001,Ramsey,451,122,3072,43002.0,13247,69459,14.0,23926,128556.0,88161,172098,5.37
271230368002,Ramsey,376,202,2826,55859.0,28688,73008,19.77,13719,152544.0,126464,282150,11.12
271230368003,Ramsey,460,267,2690,47367.0,27163,73008,17.61,7322,134224.0,86526,282150,18.33
271230369001,Ramsey,400,142,12181,54526.0,29708,75751,4.48,37797,144387.0,88466,256931,3.82
271230369002,Ramsey,875,1698,3522,79313.0,56571,117558,22.52,21680,220641.0,146084,331045,10.18
271230370001,Ramsey,414,25,2479,24424.0,2669,65735,9.85,24087,90522.0,52376,156715,3.76
271230370002,Ramsey,414,46,1140,8132.0,1140,37524,7.13,4147,50827.0,6878,110303,12.26
271230370003,Ramsey,572,109,1128,14266.0,1128,49117,12.65,12594,65539.0,16535,128717,5.2
271230371001,Ramsey,677,1465,22568,60563.0,30955,109246,2.68,51776,142168.0,81513,297715,2.75
271230371002,Ramsey,460,94,6938,42203.0,7172,83518,6.08,37824,114695.0,76674,191520,3.03
271230371003,Ramsey,753,75,3780,20252.0,3780,47442,5.36,21364,77985.0,28872,150444,3.65
271230371004,Ramsey,372,1440,4713,30499.0,5173,82369,6.47,43786,94565.0,56311,161325,2.16
271230372001,Ramsey,659,51,1764,11287.0,1764,37093,6.4,9287,75490.0,38883,109552,8.13
271230372002,Ramsey,461,32,2562,31238.0,4704,58552,12.19,9285,95344.0,51327,157499,10.27
271230372003,Ramsey,491,248,5197,34670.0,5991,58831,6.67,26787,101771.0,64292,157498,3.8
271230372004,Ramsey,538,172,2187,39023.0,12004,69978,17.84,9203,105803.0,72066,162562,11.5
271230372005,Ramsey,330,20,1977,37033.0,4119,67908,18.73,10072,106331.0,72905,161008,10.56
271230374021,Ramsey,588,46,2141,3206.0,2315,6164,1.5,3268,55121.0,14129,75149,16.87
271230374022,Ramsey,811,53,1658,2553.0,1658,4772,1.54,3476,39679.0,9216,76648,11.42
271230374023,Ramsey,771,145,1590,2671.0,1590,4491,1.68,4010,41566.0,10590,67689,10.37
271230374031,Ramsey,435,23,1018,3070.0,1221,7363,3.02,2976,36751.0,7883,75842,12.35
271230374032,Ramsey,499,19,1168,4239.0,1221,9778,3.63,2508,31256.0,8404,88947,12.46
271230374033,Ramsey,796,129,353,3171.0,353,7830,8.98,1052,21507.0,4681,75179,20.44
271230374034,Ramsey,570,82,208,208.0,208,208,1.0,238,247.0,238,367,1.04
271230374035,Ramsey,732,131,376,2696.0,376,6817,7.17,1052,19621.0,4681,71656,18.65
271230375001,Ramsey,465,396,2321,3334.0,2321,7837,1.44,8265,46783.0,10794,94669,5.66
271230375002,Ramsey,467,25,2566,3647.0,2566,9813,1.42,6746,40544.0,11144,111917,6.01
271230375003,Ramsey,440,36,3027,8666.0,3485,30058,2.86,7363,84375.0,23144,266271,11.46
271230375004,Ramsey,352,655,4886,10688.0,5526,19729,2.19,7983,114236.0,52981,202244,14.31
271230375005,Ramsey,441,149,4844,9197.0,5081,16078,1.9,8673,83161.0,29449,152302,9.59
271230375006,Ramsey,400,99,3582,4657.0,3582,6656,1.3,10847,41129.0,14439,81840,3.79
271230376011,Ramsey,495,268,2050,9191.0,2050,43909,4.48,5726,87822.0,45898,163946,15.34
271230376012,Ramsey,409,29,778,6118.0,778,47861,7.86,5752,67085.0,9019,290139,11.66
271230376013,Ramsey,358,453,2049,6361.0,2507,14750,3.1,6595,81455.0,21245,199113,12.35
271230376014,Ramsey,588,39,2138,5000.0,2138,19001,2.34,6082,46861.0,7083,249464,7.7
271230376015,Ramsey,406,66,1922,5362.0,1922,18655,2.79,4247,54270.0,7019,249464,12.78
271230376031,Ramsey,618,840,1946,32863.0,5514,70816,16.89,5681,115622.0,72074,177831,20.35
271230376032,Ramsey,868,89,2074,36626.0,5776,73157,17.66,5458,122488.0,71977,182226,22.44
271230376041,Ramsey,545,162,1921,24279.0,1950,60724,12.64,5458,102779.0,66242,158564,18.83
271230376042,Ramsey,695,100,1975,17813.0,1975,59407,9.02,4051,95242.0,50741,152577,23.51
271230401011,Ramsey,600,43,79,79.0,79,79,1.0,1823,1823.0,1823,1823,1.0
271230401012,Ramsey,1004,1490,1490,1490.0,1490,1490,1.0,1533,1533.0,1533,1533,1.0
271230401021,Ramsey,1060,284,284,284.0,284,284,1.0,284,284.0,284,284,1.0
271230401022,Ramsey,358,15,15,15.0,15,15,1.0,15,15.0,15,15,1.0
271230401023,Ramsey,664,36,2476,2476.0,2476,2476,1.0,4250,4250.0,4250,4250,1.0
271230402001,Ramsey,401,238,238,238.0,238,238,1.0,1798,1798.0,1798,1798,1.0
271230402002,Ramsey,532,1247,4161,4161.0,4161,4161,1.0,4415,4415.0,4415,4415,1.0
271230403011,Ramsey,590,244,920,920.0,920,920,1.0,1140,1233.0,1140,1937,1.08
271230403012,Ramsey,410,102,687,687.0,687,687,1.0,3254,3347.0,3254,4051,1.03
271230403021,Ramsey,593,661,1557,1648.0,1557,2878,1.06,3097,5585.0,3097,12307,1.8
271230403022,Ramsey,760,606,794,913.0,794,1591,1.15,3016,5137.0,3016,12906,1.7
271230403023,Ramsey,617,34,1020,1024.0,1020,1062,1.0,2267,4207.0,2267,7439,1.86
271230403024,Ramsey,606,307,784,784.0,784,784,1.0,2479,2983.0,2479,5245,1.2
271230404011,Ramsey,482,14,2036,3626.0,2036,7618,1.78,3654,12547.0,4975,22195,3.43
271230404012,Ramsey,569,62,1921,3973.0,1921,7959,2.07,3064,13129.0,4385,23745,4.28
271230404013,Ramsey,888,257,744,904.0,744,1636,1.22,4498,8467.0,4498,15707,1.88
271230404021,Ramsey,462,84,648,2860.0,648,6851,4.41,6122,16156.0,8846,28395,2.64
271230404022,Ramsey,433,515,960,2929.0,960,6648,3.05,5952,13363.0,7409,25280,2.25
271230404023,Ramsey,469,42,1900,3784.0,1900,10232,1.99,3336,12717.0,4657,22479,3.81
271230404024,Ramsey,884,900,2874,2977.0,2874,4257,1.04,3542,6266.0,3542,14368,1.77
271230404025,Ramsey,550,1726,1726,2206.0,1726,5172,1.28,7316,11336.0,8217,17572,1.55
271230405021,Ramsey,470,2114,3628,3628.0,3628,3628,1.0,4451,4451.0,4451,4451,1.0
271230405022,Ramsey,375,274,3923,3923.0,3923,3923,1.0,4587,4587.0,4587,4587,1.0
271230405023,Ramsey,404,29,4213,4213.0,4213,4213,1.0,6036,6036.0,6036,6036,1.0
271230405031,Ramsey,641,1375,1375,1375.0,1375,1375,1.0,3198,3198.0,3198,3198,1.0
271230405032,Ramsey,408,1234,1234,1234.0,1234,1234,1.0,6885,6885.0,6885,6885,1.0
271230405033,Ramsey,717,605,1839,1839.0,1839,1839,1.0,3726,3726.0,3726,3726,1.0
271230405041,Ramsey,349,302,2758,2758.0,2758,2758,1.0,4343,4343.0,4343,4343,1.0
271230405042,Ramsey,429,254,2722,2722.0,2722,2722,1.0,6079,6079.0,6079,6079,1.0
271230405043,Ramsey,793,15,2722,2722.0,2722,2722,1.0,7032,7032.0,7032,7032,1.0
271230405044,Ramsey,557,1585,2157,2157.0,2157,2157,1.0,6831,6831.0,6831,6831,1.0
271230406011,Ramsey,555,106,106,106.0,106,106,1.0,106,106.0,106,106,1.0
271230406012,Ramsey,504,632,1524,1524.0,1524,1524,1.0,5770,5770.0,5770,5770,1.0
271230406013,Ramsey,484,978,978,978.0,978,978,1.0,978,978.0,978,978,1.0
271230406014,Ramsey,417,380,380,380.0,380,380,1.0,1870,1870.0,1870,1870,1.0
271230406015,Ramsey,497,68,68,68.0,68,68,1.0,68,68.0,68,68,1.0
271230406031,Ramsey,788,157,1584,1584.0,1584,1584,1.0,1584,1584.0,1584,1584,1.0
271230406032,Ramsey,971,1427,1427,1427.0,1427,1427,1.0,3978,3978.0,3978,3978,1.0
271230406033,Ramsey,920,590,590,590.0,590,590,1.0,2951,2951.0,2951,2951,1.0
271230406051,Ramsey,824,1172,1172,1172.0,1172,1172,1.0,1329,1329.0,1329,1329,1.0
271230406052,Ramsey,940,245,245,245.0,245,245,1.0,998,998.0,998,998,1.0
271230406061,Ramsey,543,3081,3627,3655.0,3627,5280,1.01,7397,9250.0,7397,18483,1.25
271230406062,Ramsey,687,596,596,596.0,596,596,1.0,5728,10238.0,5728,37783,1.79
271230406063,Ramsey,747,2198,2794,2794.0,2794,2794,1.0,5483,13137.0,5483,51617,2.4
271230407041,Ramsey,334,1983,5350,5435.0,5350,6188,1.02,7683,10352.0,7683,29340,1.35
271230407042,Ramsey,632,149,2132,2645.0,2132,6255,1.24,6234,8354.0,6234,21664,1.34
271230407043,Ramsey,466,236,410,1260.0,410,8603,3.07,7055,10686.0,7055,25116,1.51
271230407044,Ramsey,777,174,4311,5400.0,4311,10648,1.25,7529,12379.0,7529,36209,1.64
271230407045,Ramsey,713,2005,2179,2516.0,2179,7380,1.15,6810,8850.0,6810,15764,1.3
271230407051,Ramsey,892,67,393,393.0,393,393,1.0,602,622.0,602,1824,1.03
271230407052,Ramsey,486,2645,2645,2755.0,2645,3686,1.04,9671,9755.0,9671,11295,1.01
271230407053,Ramsey,670,326,602,602.0,602,602,1.0,3247,3247.0,3247,3247,1.0
271230407061,Ramsey,467,21,74,74.0,74,74,1.0,340,340.0,340,340,1.0
271230407062,Ramsey,716,20,41,41.0,41,41,1.0,74,74.0,74,74,1.0
271230407063,Ramsey,612,209,535,535.0,535,535,1.0,635,635.0,635,635,1.0
271230407064,Ramsey,637,33,54,54.0,54,54,1.0,515,515.0,515,515,1.0
271230407071,Ramsey,908,113,113,113.0,113,113,1.0,1933,1986.0,1933,6642,1.03
271230407072,Ramsey,748,842,1820,2154.0,1820,9199,1.18,3270,4991.0,3270,17848,1.53
271230407073,Ramsey,335,817,930,962.0,930,2966,1.03,2750,3028.0,2750,12208,1.1
271230407081,Ramsey,761,340,7907,8077.0,7907,13186,1.02,11429,13327.0,11429,20134,1.17
271230407082,Ramsey,1012,271,915,915.0,915,915,1.0,8211,8243.0,8211,11181,1.0
271230407091,Ramsey,422,328,3546,4108.0,3546,14128,1.16,15417,16125.0,15417,20134,1.05
271230407092,Ramsey,719,304,304,304.0,304,304,1.0,2939,3319.0,2939,7914,1.13
271230407093,Ramsey,737,216,1498,1791.0,1498,8661,1.2,2497,4211.0,2497,16918,1.69
271230408011,Ramsey,351,164,1158,1529.0,1158,4324,1.32,4176,5902.0,4176,11000,1.41
271230408012,Ramsey,475,6968,7308,7324.0,7308,7636,1.0,8724,8982.0,8724,14003,1.03
271230408013,Ramsey,923,994,994,994.0,994,994,1.0,8466,8466.0,8466,8466,1.0
271230408041,Ramsey,555,460,460,460.0,460,460,1.0,617,656.0,617,2928,1.06
271230408042,Ramsey,381,3218,5350,5361.0,5350,5678,1.0,5696,7001.0,5696,16179,1.23
271230408051,Ramsey,538,866,1023,1023.0,1023,1023,1.0,4473,4788.0,4473,10002,1.07
271230408052,Ramsey,318,288,3607,3607.0,3607,3607,1.0,4776,4961.0,4776,7794,1.04
271230408053,Ramsey,363,28,155,1603.0,155,11882,10.34,12465,15794.0,12465,32374,1.27
271230408054,Ramsey,276,157,1311,1311.0,1311,1311,1.0,4628,4667.0,4628,6939,1.01
271230409011,Ramsey,588,19,1856,2194.0,1856,4036,1.18,2022,6040.0,2022,18914,2.99
271230409013,Ramsey,628,14,493,873.0,493,2038,1.77,1986,3259.0,1986,12873,1.64
271230409021,Ramsey,679,852,2549,2860.0,2549,5715,1.12,3008,7897.0,3008,75869,2.63
271230409022,Ramsey,731,243,1856,2194.0,1856,4036,1.18,2266,6511.0,2266,19110,2.87
271230409023,Ramsey,510,1222,1639,2514.0,1639,5741,1.53,2792,10809.0,2792,31021,3.87
271230410011,Ramsey,697,217,750,1531.0,750,4904,2.04,4183,8230.0,4183,22843,1.97
271230410012,Ramsey,832,130,2601,3066.0,2601,4398,1.18,3485,7051.0,3485,19438,2.02
271230410021,Ramsey,515,48,4999,5997.0,4999,10239,1.2,15257,22082.0,15257,35354,1.45
271230410022,Ramsey,628,36,664,1059.0,664,2266,1.59,7931,9460.0,7931,14148,1.19
271230410023,Ramsey,473,141,685,1249.0,685,2135,1.82,2252,3959.0,2252,13296,1.76
271230411031,Ramsey,1115,607,1770,5904.0,1770,15744,3.34,4952,22334.0,6834,50034,4.51
271230411032,Ramsey,714,504,2181,8204.0,2181,33692,3.76,5292,69450.0,8497,239318,13.12
271230411041,Ramsey,640,210,2066,2691.0,2066,6019,1.3,3240,8058.0,3240,32215,2.49
271230411042,Ramsey,475,1012,2312,2882.0,2312,8396,1.25,2953,9133.0,2953,26174,3.09
271230411043,Ramsey,421,239,2127,4099.0,2127,8733,1.93,8042,16406.0,8042,38057,2.04
271230411051,Ramsey,366,31,586,586.0,586,586,1.0,2211,2939.0,2211,5988,1.33
271230411052,Ramsey,902,182,1837,2329.0,1837,5044,1.27,2336,5014.0,2336,21931,2.15
271230411053,Ramsey,553,373,889,1433.0,889,4755,1.61,2976,6500.0,2976,24779,2.18
271230411054,Ramsey,721,3018,3018,3018.0,3018,3018,1.0,4336,5348.0,4336,11032,1.23
271230411055,Ramsey,525,196,502,1299.0,502,5276,2.59,8784,11390.0,8784,28003,1.3
271230411061,Ramsey,594,373,894,1452.0,894,5062,1.62,6143,11144.0,6143,40091,1.81
271230411062,Ramsey,723,273,971,1439.0,971,4893,1.48,5320,9437.0,5320,29378,1.77
271230411063,Ramsey,603,119,765,1599.0,765,5627,2.09,3302,9941.0,3302,75459,3.01
271230411071,Ramsey,349,1538,2737,4094.0,2737,10983,1.5,7140,13447.0,7140,39519,1.88
271230411072,Ramsey,378,127,155,1136.0,155,11882,7.33,12419,14903.0,12419,24492,1.2
271230411073,Ramsey,774,128,2679,6054.0,2679,17766,2.26,11444,20853.0,11444,49682,1.82
271230411074,Ramsey,796,58,550,859.0,550,4316,1.56,2694,5967.0,2694,25185,2.21
271230411075,Ramsey,523,406,2143,3184.0,2143,9252,1.49,6420,10732.0,6420,22834,1.67
271230412001,Ramsey,884,3162,3583,5204.0,3583,9669,1.45,8325,11696.0,8325,26512,1.4
271230412002,Ramsey,708,71,4420,5550.0,4420,8290,1.26,7057,11066.0,7057,23010,1.57
271230412003,Ramsey,603,77,3583,4921.0,3583,8447,1.37,8353,12040.0,8353,26451,1.44
271230413011,Ramsey,855,2007,4141,11308.0,5592,27502,2.73,16737,93128.0,45410,197688,5.56
271230413012,Ramsey,586,307,2321,3087.0,2321,11126,1.33,15091,29356.0,15091,92326,1.95
271230413013,Ramsey,416,7,2321,2321.0,2321,2321,1.0,8435,12043.0,8435,25886,1.43
271230413021,Ramsey,1021,4925,12422,12692.0,12422,17951,1.02,19093,22665.0,19093,35226,1.19
271230413022,Ramsey,20,4736,14959,24186.0,14959,38122,1.62,26528,93977.0,32107,240744,3.54
271230413024,Ramsey,882,6991,7412,7896.0,7412,12148,1.07,10595,14633.0,10595,30527,1.38
271230414001,Ramsey,700,538,2791,3316.0,2791,8366,1.19,10253,16284.0,10253,37166,1.59
271230414002,Ramsey,435,225,2770,4539.0,2770,15875,1.64,11700,26996.0,11700,72979,2.31
271230414003,Ramsey,487,46,2413,4016.0,2413,13452,1.66,16798,23214.0,16798,35661,1.38
271230414004,Ramsey,711,1907,2491,3730.0,2491,15821,1.5,9779,17983.0,9779,39338,1.84
271230414005,Ramsey,354,1378,7515,11435.0,7515,29155,1.52,17914,39218.0,22617,86870,2.19
271230415001,Ramsey,437,180,1659,3349.0,1659,12357,2.02,5095,23886.0,6155,77194,4.69
271230415002,Ramsey,881,300,838,2165.0,838,6366,2.58,3503,12357.0,3503,37166,3.53
271230415003,Ramsey,491,145,486,873.0,486,2313,1.8,9002,14866.0,9002,38370,1.65
271230415004,Ramsey,693,155,168,236.0,168,1248,1.41,752,3207.0,752,11526,4.26
271230416011,Ramsey,821,13,1093,1250.0,1093,2696,1.14,5383,10601.0,5383,36520,1.97
271230416012,Ramsey,953,113,2528,3692.0,2528,8675,1.46,9732,19458.0,9732,48972,2.0
271230416013,Ramsey,527,1435,5395,6551.0,5395,10361,1.21,7695,19059.0,7832,49026,2.48
271230416014,Ramsey,768,1855,5958,7146.0,5958,10459,1.2,8406,24534.0,8734,78027,2.92
271230416021,Ramsey,476,26,1127,2370.0,1127,8629,2.1,4973,22672.0,7691,75419,4.56
271230416022,Ramsey,879,834,2844,5217.0,2844,9538,1.83,8697,33079.0,10715,71954,3.8
271230416023,Ramsey,588,129,1139,1424.0,1139,3305,1.25,3537,13708.0,4362,23685,3.88
271230417001,Ramsey,319,122,1156,4084.0,1156,14894,3.53,7142,34002.0,9149,97539,4.76
271230417002,Ramsey,392,360,1617,7330.0,1617,28609,4.53,4080,76562.0,17268,217725,18.77
271230417003,Ramsey,318,107,1943,5246.0,1943,22351,2.7,4271,49462.0,5055,151059,11.58
271230417004,Ramsey,400,234,1017,2499.0,1017,11381,2.46,3634,22790.0,4763,78895,6.27
271230418001,Ramsey,663,605,2125,8020.0,2125,28609,3.77,5562,89874.0,18937,283419,16.16
271230418002,Ramsey,632,1378,4250,7568.0,4250,15405,1.78,13326,69281.0,25146,136087,5.2
271230418003,Ramsey,806,449,3258,7597.0,3258,22756,2.33,8358,67688.0,15935,151904,8.1
271230419001,Ramsey,480,84,3341,7060.0,3341,21487,2.11,8302,91808.0,20128,296922,11.06
271230419002,Ramsey,591,42,3355,16452.0,5981,45040,4.9,12413,164651.0,70963,343764,13.26
271230419003,Ramsey,634,734,1092,9172.0,1092,30875,8.4,8720,104350.0,18333,258475,11.97
271230420011,Ramsey,613,358,6358,17243.0,6358,63948,2.71,11143,153755.0,70559,278235,13.8
271230420012,Ramsey,356,4289,7034,35008.0,11882,78207,4.98,14531,212661.0,111241,339844,14.64
271230420021,Ramsey,535,649,6348,32877.0,6418,116777,5.18,17231,215597.0,94457,350120,12.51
271230420022,Ramsey,782,55,2355,11141.0,2355,34808,4.73,12942,136113.0,27956,266397,10.52
271230421011,Ramsey,496,2263,3108,3116.0,3108,4075,1.0,4424,4977.0,4424,11453,1.13
271230421012,Ramsey,760,16,3285,3877.0,3285,8738,1.18,7065,11017.0,7065,69230,1.56
271230421013,Ramsey,669,1834,6220,7178.0,6220,10764,1.15,9429,23024.0,9566,92666,2.44
271230421014,Ramsey,615,967,2515,6594.0,2515,11164,2.62,11094,32143.0,12999,79544,2.9
271230421015,Ramsey,412,845,3108,3379.0,3108,5930,1.09,5957,9164.0,5957,16754,1.54
271230421021,Ramsey,1174,1517,2362,3149.0,2362,8123,1.33,3449,11473.0,3449,30474,3.33
271230421022,Ramsey,1168,104,1621,1871.0,1621,3274,1.15,4587,8289.0,4587,18757,1.81
271230422011,Ramsey,420,217,2491,4250.0,2491,19340,1.71,4949,50443.0,12468,94020,10.19
271230422012,Ramsey,405,866,3320,5278.0,3320,10528,1.59,6743,42911.0,11435,73932,6.36
271230422021,Ramsey,543,33,290,327.0,290,1257,1.13,1661,6687.0,1661,45530,4.03
271230422022,Ramsey,365,26,2645,11604.0,2645,45526,4.39,3638,71600.0,7623,128190,19.68
271230422023,Ramsey,503,183,550,5451.0,550,20050,9.91,4512,50516.0,5983,102973,11.2
271230422024,Ramsey,520,975,2341,2871.0,2341,8077,1.23,5463,35889.0,5940,93742,6.57
271230422025,Ramsey,691,74,1291,1447.0,1291,4247,1.12,2573,14636.0,2608,74173,5.69
271230423011,Ramsey,551,1468,2992,2992.0,2992,2992,1.0,8197,9401.0,8197,14938,1.15
271230423012,Ramsey,480,222,1794,1794.0,1794,1794,1.0,2340,2340.0,2340,2340,1.0
271230423013,Ramsey,513,546,546,629.0,546,2199,1.15,4538,8050.0,4538,17608,1.77
271230423021,Ramsey,521,112,692,1969.0,692,8670,2.85,3826,13858.0,3826,57739,3.62
271230423022,Ramsey,440,762,1807,4452.0,1807,16171,2.46,5607,22434.0,7250,84753,4.0
271230423023,Ramsey,517,23,2328,4153.0,2328,11082,1.78,4627,21618.0,6629,81279,4.67
271230423024,Ramsey,564,68,1192,2860.0,1192,13039,2.4,2170,13538.0,2170,58352,6.24
271230423025,Ramsey,472,339,3066,4486.0,3066,14553,1.46,3829,13857.0,6322,53182,3.62
271230424011,Ramsey,508,893,4910,6664.0,4910,10820,1.36,9064,16584.0,9064,34245,1.83
271230424012,Ramsey,570,25,1988,3577.0,1988,9813,1.8,8847,14489.0,8847,31542,1.64
271230424013,Ramsey,887,1793,3986,6934.0,3986,13140,1.74,8809,22654.0,10500,44859,2.57
271230424014,Ramsey,315,756,4017,4828.0,4017,8318,1.2,9064,13794.0,9064,19815,1.52
271230424015,Ramsey,702,1653,1653,3485.0,1653,8065,2.11,7942,17681.0,7942,29373,2.23
271230424021,Ramsey,606,167,2822,10603.0,4615,25122,3.76,4304,47019.0,17157,85533,10.92
271230424022,Ramsey,590,516,4586,13197.0,6766,32816,2.88,10115,51602.0,15831,95138,5.1
271230424023,Ramsey,696,1076,1744,7713.0,1744,30803,4.42,2662,36477.0,8983,87750,13.7
271230424024,Ramsey,546,225,572,781.0,572,4614,1.36,1996,5631.0,1996,14299,2.82
271230424025,Ramsey,520,28,270,494.0,270,4556,1.83,1318,5052.0,1318,14949,3.83
271230425011,Ramsey,513,124,1090,3653.0,1090,11582,3.35,5846,27472.0,5846,97910,4.7
271230425012,Ramsey,963,18,618,1113.0,618,2165,1.8,1400,6135.0,1400,15518,4.38
271230425013,Ramsey,755,172,742,1191.0,742,5028,1.6,1959,8351.0,1959,17085,4.26
271230425014,Ramsey,661,797,1484,1486.0,1484,1608,1.0,2144,3583.0,2144,9737,1.67
271230425031,Ramsey,852,66,66,66.0,66,66,1.0,208,208.0,208,208,1.0
271230425032,Ramsey,910,60,238,238.0,238,238,1.0,3737,4078.0,3737,6513,1.09
271230425041,Ramsey,637,501,543,580.0,543,1148,1.07,2881,5233.0,2927,10310,1.82
271230425042,Ramsey,665,30,233,630.0,233,3881,2.7,1463,4687.0,1463,11955,3.2
271230425043,Ramsey,813,74,252,2941.0,252,6847,11.67,2295,17222.0,4620,68818,7.5
271230426011,Ramsey,652,54,4671,5690.0,4671,8457,1.22,9099,14926.0,9656,30443,1.64
271230426012,Ramsey,730,775,6143,8415.0,6143,15445,1.37,7823,21456.0,10997,61884,2.74
271230426013,Ramsey,345,1394,4632,5943.0,4632,8418,1.28,10642,16385.0,10642,29215,1.54
271230426014,Ramsey,599,591,7600,11469.0,7606,31484,1.51,8745,31809.0,11596,96314,3.64
271230426021,Ramsey,571,39,3759,6959.0,3766,14184,1.85,7683,21175.0,14189,51309,2.76
271230426022,Ramsey,633,1282,2416,7532.0,2416,14213,3.12,4729,25455.0,12332,55615,5.38
271230427001,Ramsey,392,6,460,6710.0,460,12905,14.59,6952,27870.0,9818,61431,4.01
271230427002,Ramsey,695,75,1602,1875.0,1602,3007,1.17,3334,10052.0,3630,16340,3.01
271230427003,Ramsey,528,215,2557,6034.0,2557,12373,2.36,4954,21317.0,8967,42687,4.3
271230427004,Ramsey,807,141,2144,5775.0,2144,10888,2.69,7682,19266.0,11524,35683,2.51
271230427005,Ramsey,638,23,1742,4824.0,1742,12115,2.77,6486,18008.0,6610,42292,2.78
271230428001,Ramsey,319,9715,42984,74776.0,52058,106267,1.74,71732,223320.0,145705,293069,3.11
271230428002,Ramsey,29,1004,50856,72784.0,56688,90360,1.43,82214,172966.0,129093,301658,2.1
271230428003,Ramsey,526,121,23422,51725.0,27976,82078,2.21,58168,126965.0,94272,200090,2.18
271230429001,Ramsey,828,475,11867,47211.0,18335,71508,3.98,23123,146990.0,105143,246537,6.36
271230429002,Ramsey,619,252,10693,45742.0,16080,64519,4.28,33151,130071.0,82771,166230,3.92
271230429003,Ramsey,607,3952,10752,62781.0,41782,86825,5.84,33440,170236.0,117626,290132,5.09
271230430011,Ramsey,569,142,4590,12951.0,4798,43194,2.82,8210,108692.0,45114,324692,13.24
271230430012,Ramsey,379,567,4102,12590.0,4670,33543,3.07,8078,141282.0,45541,287192,17.49
271230430013,Ramsey,628,175,3878,7282.0,4274,12808,1.88,7109,94032.0,26580,190148,13.23
271230430014,Ramsey,492,99,4571,12763.0,5288,39167,2.79,7358,116090.0,43038,302850,15.78
271230430015,Ramsey,326,94,3371,5279.0,3371,10696,1.57,6261,55316.0,13707,217274,8.84
271230430021,Ramsey,1020,236,1477,24214.0,6048,50048,16.39,13984,234838.0,117500,353387,16.79
271239800001,Ramsey,101,505,505,505.0,505,505,1.0,505,505.0,505,505,1.0
271390801001,Scott,426,955,1539,1539.0,1539,1539,1.0,1557,1557.0,1557,1557,1.0
271390801002,Scott,941,170,1539,1539.0,1539,1539,1.0,1792,1792.0,1792,1792,1.0
271390802011,Scott,643,1570,1570,1570.0,1570,1570,1.0,4798,4798.0,4798,4798,1.0
271390802012,Scott,1060,1894,1894,1894.0,1894,1894,1.0,4922,4922.0,4922,4922,1.0
271390802021,Scott,1447,517,1266,1266.0,1266,1266,1.0,2559,2559.0,2559,2559,1.0
271390802022,Scott,866,706,1438,1438.0,1438,1438,1.0,2437,2437.0,2437,2437,1.0
271390802023,Scott,865,215,300,300.0,300,300,1.0,1523,1523.0,1523,1523,1.0
271390802041,Scott,1580,516,970,970.0,970,970,1.0,4033,4033.0,4033,4033,1.0
271390802042,Scott,584,378,378,378.0,378,378,1.0,894,894.0,894,894,1.0
271390802061,Scott,883,509,1341,1341.0,1341,1341,1.0,5080,5080.0,5080,5080,1.0
271390802062,Scott,804,25,648,648.0,648,648,1.0,1913,1913.0,1913,1913,1.0
271390802063,Scott,742,56,1855,1855.0,1855,1855,1.0,3713,3713.0,3713,3713,1.0
271390802071,Scott,2373,179,179,179.0,179,179,1.0,1147,1147.0,1147,1147,1.0
271390802072,Scott,799,624,1789,1789.0,1789,1789,1.0,8961,8961.0,8961,8961,1.0
271390802081,Scott,842,18,176,176.0,176,176,1.0,844,844.0,844,844,1.0
271390802082,Scott,905,385,561,561.0,561,561,1.0,5221,5221.0,5221,5221,1.0
271390802091,Scott,400,58,1701,1701.0,1701,1701,1.0,5100,5100.0,5100,5100,1.0
271390802092,Scott,591,20,20,20.0,20,20,1.0,1889,1889.0,1889,1889,1.0
271390802093,Scott,888,749,1853,1853.0,1853,1853,1.0,1970,1970.0,1970,1970,1.0
271390802094,Scott,742,36,94,94.0,94,94,1.0,1372,1372.0,1372,1372,1.0
271390803031,Scott,756,1891,2041,2041.0,2041,2041,1.0,6809,6809.0,6809,6809,1.0
271390803032,Scott,1421,533,1663,1663.0,1663,1663,1.0,5910,5910.0,5910,5910,1.0
271390803033,Scott,1007,2829,3362,3362.0,3362,3362,1.0,5339,5339.0,5339,5339,1.0
271390803041,Scott,756,103,1136,1136.0,1136,1136,1.0,2638,2638.0,2638,2638,1.0
271390803042,Scott,575,1334,1502,1502.0,1502,1502,1.0,2638,2638.0,2638,2638,1.0
271390803043,Scott,621,633,633,633.0,633,633,1.0,677,677.0,677,677,1.0
271390803044,Scott,1212,168,283,283.0,283,283,1.0,2753,2753.0,2753,2753,1.0
271390803045,Scott,9,5004,5004,5004.0,5004,5004,1.0,5004,5004.0,5004,5004,1.0
271390803046,Scott,1002,1033,1136,1136.0,1136,1136,1.0,1304,1304.0,1304,1304,1.0
271390803051,Scott,933,136,136,136.0,136,136,1.0,136,136.0,136,136,1.0
271390803052,Scott,684,306,1668,1668.0,1668,1668,1.0,7221,7221.0,7221,7221,1.0
271390803053,Scott,559,387,2380,2380.0,2380,2380,1.0,4128,4128.0,4128,4128,1.0
271390803054,Scott,1140,98,1903,1903.0,1903,1903,1.0,3338,3338.0,3338,3338,1.0
271390803055,Scott,504,351,1668,1668.0,1668,1668,1.0,5220,5220.0,5220,5220,1.0
271390803061,Scott,1284,28,1578,1578.0,1578,1578,1.0,2632,2632.0,2632,2632,1.0
271390803062,Scott,548,1418,2490,2490.0,2490,2490,1.0,2938,2938.0,2938,2938,1.0
271390803071,Scott,593,115,330,330.0,330,330,1.0,583,583.0,583,583,1.0
271390803072,Scott,380,132,657,657.0,657,657,1.0,2780,2780.0,2780,2780,1.0
271390803073,Scott,1427,525,2103,2103.0,2103,2103,1.0,2490,2490.0,2490,2490,1.0
271390803074,Scott,1323,44,176,176.0,176,176,1.0,2147,2147.0,2147,2147,1.0
271390804001,Scott,394,150,3578,3578.0,3578,3578,1.0,5052,5052.0,5052,5052,1.0
271390804002,Scott,882,86,2440,2440.0,2440,2440,1.0,6082,6082.0,6082,6082,1.0
271390804003,Scott,836,1014,3857,3857.0,3857,3857,1.0,5709,5709.0,5709,5709,1.0
271390805001,Scott,473,2328,4278,4278.0,4278,4278,1.0,4854,4854.0,4854,4854,1.0
271390805002,Scott,725,279,4278,4278.0,4278,4278,1.0,5331,5331.0,5331,5331,1.0
271390806001,Scott,494,14,1271,1271.0,1271,1271,1.0,5095,5095.0,5095,5095,1.0
271390806002,Scott,594,5,1868,1868.0,1868,1868,1.0,6521,6521.0,6521,6521,1.0
271390806003,Scott,827,643,1418,1418.0,1418,1418,1.0,5838,5838.0,5838,5838,1.0
271390806004,Scott,883,335,349,349.0,349,349,1.0,1753,1753.0,1753,1753,1.0
271390807001,Scott,458,242,242,242.0,242,242,1.0,242,242.0,242,242,1.0
271390807002,Scott,742,608,608,608.0,608,608,1.0,850,850.0,850,850,1.0
271390807003,Scott,1482,477,482,482.0,482,482,1.0,1961,1961.0,1961,1961,1.0
271390808011,Scott,761,498,1417,1417.0,1417,1417,1.0,1417,1417.0,1417,1417,1.0
271390808012,Scott,941,919,1417,1417.0,1417,1417,1.0,1482,1482.0,1482,1482,1.0
271390808013,Scott,1055,538,538,538.0,538,538,1.0,538,538.0,538,538,1.0
271390808014,Scott,1000,65,65,65.0,65,65,1.0,984,984.0,984,984,1.0
271390808021,Scott,424,80,80,80.0,80,80,1.0,80,80.0,80,80,1.0
271390808022,Scott,806,525,525,525.0,525,525,1.0,525,525.0,525,525,1.0
271390809031,Scott,876,99,99,99.0,99,99,1.0,176,176.0,176,176,1.0
271390809032,Scott,797,224,224,224.0,224,224,1.0,301,301.0,301,301,1.0
271390809033,Scott,1192,195,195,195.0,195,195,1.0,3444,3444.0,3444,3444,1.0
271390809034,Scott,375,3150,3150,3150.0,3150,3150,1.0,3345,3345.0,3345,3345,1.0
271390809035,Scott,998,270,270,270.0,270,270,1.0,551,551.0,551,551,1.0
271390809051,Scott,444,398,1620,1620.0,1620,1620,1.0,2408,2408.0,2408,2408,1.0
271390809052,Scott,1579,85,212,212.0,212,212,1.0,1219,1219.0,1219,1219,1.0
271390809053,Scott,345,86,483,483.0,483,483,1.0,483,483.0,483,483,1.0
271390809054,Scott,1197,127,127,127.0,127,127,1.0,127,127.0,127,127,1.0
271390809061,Scott,1096,684,1334,1334.0,1334,1334,1.0,1774,1774.0,1774,1774,1.0
271390809062,Scott,586,650,1774,1774.0,1774,1774,1.0,2981,2981.0,2981,2981,1.0
271390809063,Scott,853,195,1090,1090.0,1090,1090,1.0,3643,3643.0,3643,3643,1.0
271390809064,Scott,279,18,18,18.0,18,18,1.0,863,863.0,863,863,1.0
271390809071,Scott,932,501,1452,1452.0,1452,1452,1.0,2213,2213.0,2213,2213,1.0
271390809072,Scott,880,77,77,77.0,77,77,1.0,1383,1383.0,1383,1383,1.0
271390809081,Scott,602,245,2981,2981.0,2981,2981,1.0,3643,3643.0,3643,3643,1.0
271390809082,Scott,829,706,1452,1452.0,1452,1452,1.0,3070,3070.0,3070,3070,1.0
271390809083,Scott,1072,662,662,662.0,662,662,1.0,1808,1808.0,1808,1808,1.0
271390810011,Scott,336,133,133,133.0,133,133,1.0,133,133.0,133,133,1.0
271390810012,Scott,842,60,60,60.0,60,60,1.0,843,843.0,843,843,1.0
271390810013,Scott,406,136,136,136.0,136,136,1.0,136,136.0,136,136,1.0
271390810014,Scott,615,120,120,120.0,120,120,1.0,120,120.0,120,120,1.0
271390810015,Scott,440,97,97,97.0,97,97,1.0,97,97.0,97,97,1.0
271390810021,Scott,458,53,53,53.0,53,53,1.0,53,53.0,53,53,1.0
271390810022,Scott,765,195,195,195.0,195,195,1.0,195,195.0,195,195,1.0
271390810023,Scott,734,170,170,170.0,170,170,1.0,170,170.0,170,170,1.0
271390811011,Scott,490,109,109,109.0,109,109,1.0,109,109.0,109,109,1.0
271390811012,Scott,628,109,109,109.0,109,109,1.0,109,109.0,109,109,1.0
271390811013,Scott,543,125,125,125.0,125,125,1.0,125,125.0,125,125,1.0
271390811021,Scott,811,221,221,221.0,221,221,1.0,221,221.0,221,221,1.0
271390811022,Scott,431,1485,1485,1485.0,1485,1485,1.0,1485,1485.0,1485,1485,1.0
271390811031,Scott,1314,68,167,167.0,167,167,1.0,167,167.0,167,167,1.0
271390811032,Scott,667,129,310,310.0,310,310,1.0,477,477.0,477,477,1.0
271390811033,Scott,755,181,310,310.0,310,310,1.0,310,310.0,310,310,1.0
271390811034,Scott,332,99,409,409.0,409,409,1.0,409,409.0,409,409,1.0
271390811035,Scott,287,70,70,70.0,70,70,1.0,70,70.0,70,70,1.0
271390812001,Scott,726,403,403,403.0,403,403,1.0,403,403.0,403,403,1.0
271390812002,Scott,543,797,1324,1324.0,1324,1324,1.0,1831,1831.0,1831,1831,1.0
271390812003,Scott,299,368,631,631.0,631,631,1.0,1428,1428.0,1428,1428,1.0
271390812004,Scott,618,121,121,121.0,121,121,1.0,121,121.0,121,121,1.0
271390812005,Scott,537,139,1428,1428.0,1428,1428,1.0,1831,1831.0,1831,1831,1.0
271390812006,Scott,545,124,1428,1428.0,1428,1428,1.0,1831,1831.0,1831,1831,1.0
271390813011,Scott,374,94,94,94.0,94,94,1.0,94,94.0,94,94,1.0
271390813012,Scott,1497,1503,2221,2221.0,2221,2221,1.0,2236,2236.0,2236,2236,1.0
271390813021,Scott,625,29,29,29.0,29,29,1.0,29,29.0,29,29,1.0
271390813022,Scott,556,353,353,353.0,353,353,1.0,353,353.0,353,353,1.0
271390813023,Scott,630,436,451,451.0,451,451,1.0,2701,2701.0,2701,2701,1.0
271390813024,Scott,1008,718,2221,2221.0,2221,2221,1.0,2657,2657.0,2657,2657,1.0
271390813025,Scott,650,15,15,15.0,15,15,1.0,2672,2672.0,2672,2672,1.0
271630701031,Washington,749,2099,4932,4932.0,4932,4932,1.0,5359,5359.0,5359,5359,1.0
271630701032,Washington,371,609,699,699.0,699,699,1.0,3930,3930.0,3930,3930,1.0
271630701033,Washington,1011,1132,4357,4357.0,4357,4357,1.0,5743,5743.0,5743,5743,1.0
271630701034,Washington,714,1002,1002,1002.0,1002,1002,1.0,3101,3101.0,3101,3101,1.0
271630701041,Washington,773,23,497,497.0,497,497,1.0,2577,2577.0,2577,2577,1.0
271630701042,Washington,364,90,2033,2033.0,2033,2033,1.0,5285,5285.0,5285,5285,1.0
271630701043,Washington,420,384,901,901.0,901,901,1.0,3186,3186.0,3186,3186,1.0
271630701051,Washington,1131,55,55,55.0,55,55,1.0,55,55.0,55,55,1.0
271630701052,Washington,792,222,222,222.0,222,222,1.0,270,270.0,270,270,1.0
271630701053,Washington,331,6,6,6.0,6,6,1.0,6,6.0,6,6,1.0
271630701071,Washington,929,226,941,941.0,941,941,1.0,941,941.0,941,941,1.0
271630701072,Washington,443,715,715,715.0,715,715,1.0,941,941.0,941,941,1.0
271630701073,Washington,450,427,427,427.0,427,427,1.0,1889,1889.0,1889,1889,1.0
271630701081,Washington,571,48,270,270.0,270,270,1.0,270,270.0,270,270,1.0
271630701082,Washington,1209,521,521,521.0,521,521,1.0,1686,1686.0,1686,1686,1.0
271630701083,Washington,426,354,354,354.0,354,354,1.0,354,354.0,354,354,1.0
271630702041,Washington,624,60,60,60.0,60,60,1.0,60,60.0,60,60,1.0
271630702042,Washington,1274,113,690,690.0,690,690,1.0,1306,1306.0,1306,1306,1.0
271630702043,Washington,565,616,1306,1306.0,1306,1306,1.0,1306,1306.0,1306,1306,1.0
271630702044,Washington,349,577,577,577.0,577,577,1.0,1605,1605.0,1605,1605,1.0
271630702045,Washington,975,99,435,435.0,435,435,1.0,1587,1587.0,1587,1587,1.0
271630702051,Washington,696,61,61,61.0,61,61,1.0,61,61.0,61,61,1.0
271630702052,Washington,583,241,241,241.0,241,241,1.0,241,241.0,241,241,1.0
271630702053,Washington,701,260,260,260.0,260,260,1.0,260,260.0,260,260,1.0
271630702061,Washington,486,73,73,73.0,73,73,1.0,73,73.0,73,73,1.0
271630702062,Washington,521,124,124,124.0,124,124,1.0,124,124.0,124,124,1.0
271630702063,Washington,342,35,35,35.0,35,35,1.0,35,35.0,35,35,1.0
271630702064,Washington,291,116,116,116.0,116,116,1.0,116,116.0,116,116,1.0
271630702071,Washington,1030,117,117,117.0,117,117,1.0,117,117.0,117,117,1.0
271630702072,Washington,1025,354,354,354.0,354,354,1.0,789,789.0,789,789,1.0
271630702073,Washington,1169,336,435,435.0,435,435,1.0,1477,1477.0,1477,1477,1.0
271630702081,Washington,520,145,145,145.0,145,145,1.0,145,145.0,145,145,1.0
271630702082,Washington,815,140,140,140.0,140,140,1.0,994,994.0,994,994,1.0
271630702083,Washington,919,500,500,500.0,500,500,1.0,994,994.0,994,994,1.0
271630703011,Washington,448,143,143,143.0,143,143,1.0,302,302.0,302,302,1.0
271630703012,Washington,436,209,209,209.0,209,209,1.0,209,209.0,209,209,1.0
271630703031,Washington,390,36,1439,1439.0,1439,1439,1.0,3089,3533.0,3089,6321,1.14
271630703032,Washington,559,136,1403,1461.0,1403,2724,1.04,3247,5430.0,3247,12465,1.67
271630703033,Washington,374,285,531,531.0,531,531,1.0,917,917.0,917,917,1.0
271630703034,Washington,930,606,2303,2314.0,2303,2446,1.0,3236,5132.0,3236,12468,1.59
271630703041,Washington,531,131,922,922.0,922,922,1.0,922,922.0,922,922,1.0
271630703042,Washington,595,159,676,676.0,676,676,1.0,1065,1065.0,1065,1065,1.0
271630703043,Washington,495,386,922,922.0,922,922,1.0,922,922.0,922,922,1.0
271630703044,Washington,810,246,632,632.0,632,632,1.0,1343,1343.0,1343,1343,1.0
271630704031,Washington,468,156,156,156.0,156,156,1.0,192,192.0,192,192,1.0
271630704032,Washington,521,94,94,94.0,94,94,1.0,94,94.0,94,94,1.0
271630704033,Washington,494,366,366,366.0,366,366,1.0,366,366.0,366,366,1.0
271630704034,Washington,390,36,36,36.0,36,36,1.0,36,36.0,36,36,1.0
271630704041,Washington,544,48,48,48.0,48,48,1.0,48,48.0,48,48,1.0
271630704042,Washington,1272,67,67,67.0,67,67,1.0,561,561.0,561,561,1.0
271630704043,Washington,460,138,138,138.0,138,138,1.0,138,138.0,138,138,1.0
271630704051,Washington,1045,114,114,114.0,114,114,1.0,114,114.0,114,114,1.0
271630704052,Washington,896,608,608,608.0,608,608,1.0,648,648.0,648,648,1.0
271630704053,Washington,853,75,75,75.0,75,75,1.0,75,75.0,75,75,1.0
271630704061,Washington,1369,1563,1563,1563.0,1563,1563,1.0,1563,1563.0,1563,1563,1.0
271630704062,Washington,940,468,468,468.0,468,468,1.0,468,468.0,468,468,1.0
271630704063,Washington,777,27,27,27.0,27,27,1.0,27,27.0,27,27,1.0
271630704064,Washington,815,478,478,478.0,478,478,1.0,478,478.0,478,478,1.0
271630705011,Washington,483,287,287,287.0,287,287,1.0,797,797.0,797,797,1.0
271630705012,Washington,636,207,207,207.0,207,207,1.0,274,274.0,274,274,1.0
271630705013,Washington,767,136,717,717.0,717,717,1.0,3315,3315.0,3315,3315,1.0
271630705021,Washington,567,477,2170,2170.0,2170,2170,1.0,3504,3504.0,3504,3504,1.0
271630705022,Washington,646,581,3142,3142.0,3142,3142,1.0,5686,5686.0,5686,5686,1.0
271630705023,Washington,467,1112,3504,3504.0,3504,3504,1.0,3626,3626.0,3626,3626,1.0
271630705024,Washington,306,836,5550,5550.0,5550,5550,1.0,8108,8108.0,8108,8108,1.0
271630706021,Washington,582,362,6118,6118.0,6118,6118,1.0,8090,8090.0,8090,8090,1.0
271630706022,Washington,854,2060,4651,4651.0,4651,4651,1.0,8090,8090.0,8090,8090,1.0
271630706031,Washington,604,2920,3318,3318.0,3318,3318,1.0,6072,6072.0,6072,6072,1.0
271630706032,Washington,790,122,6519,6519.0,6519,6519,1.0,10338,10338.0,10338,10338,1.0
271630706041,Washington,343,51,398,398.0,398,398,1.0,5280,5280.0,5280,5280,1.0
271630706042,Washington,847,45,45,45.0,45,45,1.0,332,332.0,332,332,1.0
271630706043,Washington,794,347,685,685.0,685,685,1.0,3605,3605.0,3605,3605,1.0
271630707031,Washington,661,1681,1978,1978.0,1978,1978,1.0,10435,10435.0,10435,10435,1.0
271630707032,Washington,429,690,4962,4962.0,4962,4962,1.0,8110,8110.0,8110,8110,1.0
271630707033,Washington,555,169,2966,2966.0,2966,2966,1.0,10407,10407.0,10407,10407,1.0
271630707041,Washington,1003,216,216,216.0,216,216,1.0,5533,5533.0,5533,5533,1.0
271630707042,Washington,520,4722,5364,5364.0,5364,5364,1.0,5533,5533.0,5533,5533,1.0
271630707051,Washington,834,187,187,187.0,187,187,1.0,187,187.0,187,187,1.0
271630707052,Washington,500,120,120,120.0,120,120,1.0,120,120.0,120,120,1.0
271630707053,Washington,751,138,138,138.0,138,138,1.0,138,138.0,138,138,1.0
271630707061,Washington,272,40,40,40.0,40,40,1.0,40,40.0,40,40,1.0
271630707062,Washington,643,2496,5416,5416.0,5416,5416,1.0,7495,7495.0,7495,7495,1.0
271630707063,Washington,411,500,500,500.0,500,500,1.0,500,500.0,500,500,1.0
271630708011,Washington,177,426,5533,5533.0,5533,5533,1.0,7214,7214.0,7214,7214,1.0
271630708021,Washington,129,297,1978,1978.0,1978,1978,1.0,3337,3337.0,3337,3337,1.0
271630709061,Washington,731,524,825,1444.0,825,4806,1.75,3340,7642.0,3340,22138,2.29
271630709062,Washington,1155,856,1513,1513.0,1513,1513,1.0,2834,3347.0,2834,5736,1.18
271630709063,Washington,3,715,1571,1571.0,1571,1571,1.0,2401,2401.0,2401,2401,1.0
271630709064,Washington,966,327,327,327.0,327,327,1.0,988,988.0,988,988,1.0
271630709071,Washington,631,622,661,2956.0,661,8754,4.47,4023,14130.0,6922,40630,3.51
271630709072,Washington,533,661,2115,2321.0,2115,3697,1.1,5251,10486.0,5476,16834,2.0
271630709073,Washington,416,1,1573,2550.0,1573,8232,1.62,3298,12817.0,3318,25407,3.89
271630709074,Washington,1133,133,133,133.0,133,133,1.0,3594,3937.0,3594,7869,1.1
271630709091,Washington,783,1,343,343.0,343,343,1.0,1185,1185.0,1185,1185,1.0
271630709092,Washington,912,37,165,165.0,165,165,1.0,1718,1865.0,1718,2595,1.09
271630709093,Washington,1038,127,165,165.0,165,165,1.0,1718,1718.0,1718,1718,1.0
271630709094,Washington,452,1248,1375,1375.0,1375,1375,1.0,6778,7069.0,6778,9313,1.04
271630709102,Washington,736,65,3858,4131.0,3858,5613,1.07,7376,26353.0,8373,63574,3.57
271630709103,Washington,364,11,330,4863.0,330,14811,14.74,5329,74151.0,53757,100533,13.91
271630709105,Washington,709,254,763,879.0,763,1649,1.15,6356,9497.0,6689,13342,1.49
271630709106,Washington,679,1837,3987,3987.0,3987,3987,1.0,6740,6768.0,6740,6816,1.0
271630709111,Washington,752,408,1423,1423.0,1423,1423,1.0,3127,4251.0,3127,6982,1.36
271630709112,Washington,722,166,471,500.0,471,1337,1.06,4393,5548.0,4393,7964,1.26
271630709113,Washington,686,305,305,393.0,305,1182,1.29,3849,5396.0,3849,7556,1.4
271630709114,Washington,472,20,1027,2590.0,1027,6712,2.52,4488,18393.0,6053,64130,4.1
271630709121,Washington,793,433,1739,2473.0,1739,4372,1.42,6017,12569.0,6028,52991,2.09
271630709122,Washington,771,866,4294,5496.0,4294,8078,1.28,6157,29076.0,7892,80798,4.72
271630710011,Washington,1204,1508,1964,1964.0,1964,1964,1.0,2465,2471.0,2465,2668,1.0
271630710012,Washington,800,456,2836,3054.0,2836,5383,1.08,6198,7307.0,6198,13059,1.18
271630710013,Washington,531,872,1328,3221.0,1328,6605,2.43,8192,15408.0,8321,58515,1.88
271630710031,Washington,749,587,587,587.0,587,587,1.0,1486,1486.0,1486,1486,1.0
271630710032,Washington,771,332,332,332.0,332,332,1.0,1486,1486.0,1486,1486,1.0
271630710033,Washington,654,567,567,567.0,567,567,1.0,1486,1729.0,1486,3306,1.16
271630710061,Washington,980,2991,3697,3697.0,3697,3697,1.0,10128,10404.0,10139,12529,1.03
271630710062,Washington,408,2325,3836,5504.0,3847,8136,1.43,8380,41749.0,14305,87463,4.98
271630710063,Washington,433,214,736,736.0,736,736,1.0,6856,6856.0,6856,6856,1.0
271630710064,Washington,800,1079,1109,1109.0,1109,1109,1.0,6856,6856.0,6856,6856,1.0
271630710101,Washington,1032,657,2593,2593.0,2593,2593,1.0,4187,4187.0,4187,4187,1.0
271630710102,Washington,849,4564,5056,5056.0,5056,5056,1.0,8640,8640.0,8640,8640,1.0
271630710103,Washington,490,30,1193,1193.0,1193,1193,1.0,7548,7548.0,7548,7548,1.0
271630710104,Washington,586,492,5100,5100.0,5100,5100,1.0,6941,6941.0,6941,6941,1.0
271630710111,Washington,402,14,51,51.0,51,51,1.0,3317,3317.0,3317,3317,1.0
271630710112,Washington,1230,177,476,476.0,476,476,1.0,5981,5981.0,5981,5981,1.0
271630710121,Washington,924,8,396,396.0,396,396,1.0,1006,1006.0,1006,1006,1.0
271630710122,Washington,993,81,81,81.0,81,81,1.0,106,106.0,106,106,1.0
271630710123,Washington,602,11,4081,4081.0,4081,4081,1.0,6508,6517.0,6508,6711,1.0
271630710124,Washington,465,2343,5534,5534.0,5534,5534,1.0,8608,8798.0,8608,10521,1.02
271630710131,Washington,786,432,3163,3483.0,3163,5317,1.1,9393,11847.0,9404,16831,1.26
271630710132,Washington,357,600,1788,1788.0,1788,1788,1.0,4298,4298.0,4298,4298,1.0
271630710133,Washington,460,59,2506,2506.0,2506,2506,1.0,6525,6738.0,6525,7611,1.03
271630710134,Washington,898,336,412,412.0,412,412,1.0,7347,7347.0,7347,7347,1.0
271630710141,Washington,650,6,485,485.0,485,485,1.0,1326,1326.0,1326,1326,1.0
271630710142,Washington,1030,91,166,166.0,166,166,1.0,1141,1141.0,1141,1141,1.0
271630710143,Washington,651,35,584,584.0,584,584,1.0,1281,1281.0,1281,1281,1.0
271630710161,Washington,911,315,315,315.0,315,315,1.0,757,757.0,757,757,1.0
271630710162,Washington,784,28,312,312.0,312,312,1.0,1123,1123.0,1123,1123,1.0
271630710163,Washington,698,6,136,136.0,136,136,1.0,2048,2048.0,2048,2048,1.0
271630710191,Washington,846,444,666,666.0,666,666,1.0,799,799.0,799,799,1.0
271630710192,Washington,1098,94,391,391.0,391,391,1.0,535,535.0,535,535,1.0
271630710193,Washington,2422,178,353,353.0,353,353,1.0,535,535.0,535,535,1.0
271630710194,Washington,655,129,129,129.0,129,129,1.0,157,157.0,157,157,1.0
271630710195,Washington,517,187,187,187.0,187,187,1.0,215,215.0,215,215,1.0
271630710196,Washington,2018,267,267,267.0,267,267,1.0,454,454.0,454,454,1.0
271630710201,Washington,1096,252,309,309.0,309,309,1.0,462,462.0,462,462,1.0
271630710202,Washington,1221,57,184,184.0,184,184,1.0,1419,1419.0,1419,1419,1.0
271630710211,Washington,809,158,670,670.0,670,670,1.0,5552,5552.0,5552,5552,1.0
271630710212,Washington,638,127,361,361.0,361,361,1.0,921,921.0,921,921,1.0
271630710213,Washington,754,512,727,727.0,727,727,1.0,1283,1283.0,1283,1283,1.0
271630710221,Washington,752,68,312,312.0,312,312,1.0,761,761.0,761,761,1.0
271630710222,Washington,1245,81,255,255.0,255,255,1.0,698,698.0,698,698,1.0
271630710231,Washington,971,362,749,749.0,749,749,1.0,1326,1326.0,1326,1326,1.0
271630710232,Washington,638,26,748,748.0,748,748,1.0,1190,1190.0,1190,1190,1.0
271630710233,Washington,632,12,467,467.0,467,467,1.0,1060,1060.0,1060,1060,1.0
271630710234,Washington,444,76,557,557.0,557,557,1.0,1237,1237.0,1237,1237,1.0
271630710241,Washington,816,47,380,380.0,380,380,1.0,3196,3196.0,3196,3196,1.0
271630710242,Washington,675,163,767,767.0,767,767,1.0,2224,2224.0,2224,2224,1.0
271630710251,Washington,538,793,2348,2348.0,2348,2348,1.0,4331,4331.0,4331,4331,1.0
271630710252,Washington,459,7,1529,1529.0,1529,1529,1.0,3397,3397.0,3397,3397,1.0
271630710253,Washington,678,221,1031,1031.0,1031,1031,1.0,2744,2744.0,2744,2744,1.0
271630710254,Washington,552,11,1394,1394.0,1394,1394,1.0,3241,3241.0,3241,3241,1.0
271630711011,Washington,546,233,466,466.0,466,466,1.0,466,466.0,466,466,1.0
271630711012,Washington,775,190,190,190.0,190,190,1.0,190,190.0,190,190,1.0
271630711013,Washington,505,233,466,466.0,466,466,1.0,466,466.0,466,466,1.0
271630711021,Washington,926,297,297,297.0,297,297,1.0,297,297.0,297,297,1.0
271630711022,Washington,552,219,219,219.0,219,219,1.0,219,219.0,219,219,1.0
271630711023,Washington,893,851,851,851.0,851,851,1.0,851,851.0,851,851,1.0
271630712071,Washington,1249,104,330,330.0,330,330,1.0,560,560.0,560,560,1.0
271630712072,Washington,1483,268,584,584.0,584,584,1.0,598,598.0,598,598,1.0
271630712073,Washington,1080,212,456,456.0,456,456,1.0,590,590.0,590,590,1.0
271630712074,Washington,472,14,272,272.0,272,272,1.0,972,972.0,972,972,1.0
271630712075,Washington,1124,24,193,193.0,193,193,1.0,2006,2006.0,2006,2006,1.0
271630712081,Washington,843,133,1978,1978.0,1978,1978,1.0,2241,2241.0,2241,2241,1.0
271630712082,Washington,486,1264,1503,1503.0,1503,1503,1.0,2792,2792.0,2792,2792,1.0
271630712083,Washington,461,30,1821,1821.0,1821,1821,1.0,2165,2165.0,2165,2165,1.0
271630712084,Washington,934,527,557,557.0,557,557,1.0,4199,4199.0,4199,4199,1.0
271630712091,Washington,1261,2118,2148,2148.0,2148,2148,1.0,2748,2748.0,2748,2748,1.0
271630712092,Washington,815,24,369,369.0,369,369,1.0,3161,3161.0,3161,3161,1.0
271630712093,Washington,696,49,315,315.0,315,315,1.0,2694,2694.0,2694,2694,1.0
271630712094,Washington,625,30,2221,2221.0,2221,2221,1.0,3093,3093.0,3093,3093,1.0
271630712101,Washington,913,22,1551,1551.0,1551,1551,1.0,2113,2113.0,2113,2113,1.0
271630712102,Washington,776,1053,1117,1117.0,1117,1117,1.0,1488,1488.0,1488,1488,1.0
271630712103,Washington,886,187,1537,1537.0,1537,1537,1.0,2140,2140.0,2140,2140,1.0
271630712104,Washington,360,64,1514,1514.0,1514,1514,1.0,3007,3007.0,3007,3007,1.0
271630712111,Washington,1360,343,1488,1488.0,1488,1488,1.0,1520,1520.0,1520,1520,1.0
271630712112,Washington,1295,32,461,461.0,461,461,1.0,503,503.0,503,503,1.0
271630712113,Washington,876,28,28,28.0,28,28,1.0,1520,1520.0,1520,1520,1.0
271630713001,Washington,943,1157,1420,1420.0,1420,1420,1.0,1420,1420.0,1420,1420,1.0
271630713002,Washington,1038,114,461,461.0,461,461,1.0,461,461.0,461,461,1.0
271630713003,Washington,1055,149,1420,1420.0,1420,1420,1.0,1618,1618.0,1618,1618,1.0
271630714001,Washington,1045,198,312,312.0,312,312,1.0,2190,2190.0,2190,2190,1.0
271630714002,Washington,737,1158,1436,1436.0,1436,1436,1.0,1634,1634.0,1634,1634,1.0
271630714003,Washington,687,195,195,195.0,195,195,1.0,3141,3141.0,3141,3141,1.0
271630714004,Washington,910,2946,4382,4382.0,4382,4382,1.0,4382,4382.0,4382,4382,1.0
271630714005,Washington,1370,278,278,278.0,278,278,1.0,1634,1634.0,1634,1634,1.0
